Workbook

Sheet Mal hereket
D1: Anbar adı | E1: Miqdar
D2: Astara | E2: Astara | F2: Ələt | G2: Ələt | H2: Xocahəsən | I2: Xocahəsən
A3: Malın kodu | B3: Malın adı | C3: Kontragentin / Layihənin adı | D3: Giriş | E3: Çıxış | F3: Giriş | G3: Çıxış | H3: Giriş | I3: Çıxış
A4: 0000001 | B4: Filtr/ yağ/ ZP3375 MG/ "FİL"/Türkiyə istehsalı | C4: Əvvələ anbar qalığı | F4: 1 | G4: 0
A5: 0000002 | B5: Filtr/ yağ/ ZP520/ "FİL"/Türkiyə istehsalı | C5: Əvvələ anbar qalığı | F5: 1 | G5: 0
A6: 0000003 | B6: Kabel qoruyucu gövdə / alüminium / kontaktor üçün | C6: Əvvələ anbar qalığı | F6: 17 | G6: 0
A7: 0000004 | B7: Gərginlik sabitləşdiricisi / 1 faza / "ANDELİ" / SVC-200000VA | C7: Əvvələ anbar qalığı | F7: 1 | G7: 0
A8: 0000005 | B8: Elektrik lövhə / 550x800mm / metal | C8: Əvvələ anbar qalığı | F8: 1 | G8: 0
A9: 0000006 | B9: Kabel qoruyucu gövdə / alüminium / kontaktor ilə | C9: Əvvələ anbar qalığı | F9: 6 | G9: 0
A10: 0000007 | B10: Filtr/ yağ/ ZP540 A/ "FİL"/Türkiyə istehsalı | C10: Əvvələ anbar qalığı | F10: 1 | G10: 0
A11: 0000008 | B11: Laboratoriya sınaq qabları / podnos tipli / paslanmaz metal | C11: Əvvələ anbar qalığı | F11: 12 | G11: 0
A12: 0000009 | B12: Laboratoriya sınaq qabları / kolba / plastik | C12: Əvvələ anbar qalığı | F12: 1 | G12: 0
A13: 0000010 | B13: Filtr/ yanacaq/ PL 270 / "SCT" / Turbomax | C13: Əvvələ anbar qalığı | F13: 1 | G13: 0
A14: 0000011 | B14: Filtr/ yanacaq/ ZP3043 FMB/ "FİL"/Türkiyə istehsalı | C14: Əvvələ anbar qalığı | F14: 2 | G14: 0
A15: 0000012 | B15: Filtr/ yağ/ ZP531/ "FİL"/Türkiyə istehsalı | C15: Əvvələ anbar qalığı | F15: 1 | G15: 0
... A61: 0000058 | B61: Filtr/ hava/ AF 1822/ "TUC"/ Çin istehsalı | C61: Əvvələ anbar qalığı | F61: 2 | G61: 0
A62: 0000059 | B62: Filtr/ hava/ SHF 365/ "TUC"/ Çin istehsalı | C62: Ələt anbar | H62: 1 | I62: 0
A63: 0000059 | B63: Filtr/ hava/ SHF 365/ "TUC"/ Çin istehsalı | C63: Əvvələ anbar qalığı | F63: 1 | G63: 0
A64: 0000059 | B64: Filtr/ hava/ SHF 365/ "TUC"/ Çin istehsalı | C64: Xocahəsən anbar | F64: 0 | G64: 1
A65: 0000060 | B65: Filtr/ hava/ C13103/ "TUC"/ Çin istehsalı | C65: Əvvələ anbar qalığı | F65: 1 | G65: 0
A66: 0000061 | B66: Filtr/ yanacaq/ 6754-71-6140/ "Komatsu"/ Yaponiya istehsalı | C66: Əvvələ anbar qalığı | F66: 1 | G66: 0
A67: 0000062 | B67: Filtr/ yanacaq/ FC-1003/ "Sakura"/ İndoneziya istehsalı | C67: Əvvələ anbar qalığı | F67: 4 | G67: 0
A68: 0000063 | B68: Filtr/ yağ/ P554403/ "Donaldson"/ Meksika istehsalı | C68: Əvvələ anbar qalığı | F68: 5 | G68: 0
A69: 0000064 | B69: Filtr/ yağ/ SP450/ "Asas"/ Türkiyə istehsalı | C69: Əvvələ anbar qalığı | F69: 3 | G69: 0
A70: 0000065 | B70: Filtr/ hidravlik/ P550148/ "Donaldson"/ İtaliya istehsalı | C70: Əvvələ anbar qalığı | F70: 1 | G70: 0
A71: 0000066 | B71: Filtr/ yanacaq/ P551315/ "Donaldson"/ ABŞ istehsalı | C71: Əvvələ anbar qalığı | F71: 1 | G71: 0
A72: 0000067 | B72: Filtr/ yağ/ P550008/ "Donaldson"/ ABŞ istehsalı | C72: Əvvələ anbar qalığı | F72: 1 | G72: 0
A73: 0000068 | B73: Filtr/ yağ/ ZP 3375 MG/ "Fil"/ Türkiyə istehsalı | C73: Əvvələ anbar qalığı | F73: 1 | G73: 0
A74: 0000069 | B74: Filtr/ yağ/ DS 1169/ "Delsa"/ Türkiyə istehsalı | C74: Əvvələ anbar qalığı | F74: 1 | G74: 0
... A136: 0000131 | B136: Gərginlik tənzimləyicisi (Stabilizator) / 20 kVt / "Andeli" / SVC-2000 VA / Çin istehsalı | C136: Əvvələ anbar qalığı | F136: 1 | G136: 0
A137: 0000132 | B137: Printer / "HP" / MFP M181FW / Vyetnam istehsalı | C137: Ələt anbar | H137: 1 | I137: 0
A138: 0000132 | B138: Printer / "HP" / MFP M181FW / Vyetnam istehsalı | C138: Əvvələ anbar qalığı | F138: 1 | G138: 0
A139: 0000132 | B139: Printer / "HP" / MFP M181FW / Vyetnam istehsalı | C139: Xocahəsən anbar | F139: 0 | G139: 1
A140: 0000133 | B140: Elektrik mişar / 2350 Wt / d 235 mm / "Viktor" / Çin istehsalı | C140: Ələt anbar | H140: 1 | I140: 0
A141: 0000133 | B141: Elektrik mişar / 2350 Wt / d 235 mm / "Viktor" / Çin istehsalı | C141: Əvvələ anbar qalığı | F141: 1 | G141: 0
A142: 0000133 | B142: Elektrik mişar / 2350 Wt / d 235 mm / "Viktor" / Çin istehsalı | C142: Xocahəsən anbar | F142: 0 | G142: 1
A143: 0000134 | B143: Perforator / "Bosch" / GBH 11 DE / Almaniya istehsalı | C143: Əvvələ anbar qalığı | F143: 1 | G143: 0
A144: 0000135 | B144: Pika / 25 x 400 mm / pnevmatik çəkic üçün / Çin istehsalı | C144: Ələt anbar | H144: 4 | I144: 0
A145: 0000135 | B145: Pika / 25 x 400 mm / pnevmatik çəkic üçün / Çin istehsalı | C145: Əvvələ anbar qalığı | F145: 8 | G145: 0
A146: 0000135 | B146: Pika / 25 x 400 mm / pnevmatik çəkic üçün / Çin istehsalı | C146: Xocahəsən anbar | F146: 0 | G146: 4
A147: 0000136 | B147: Təkər / əl arabası üçün | C147: Əvvələ anbar qalığı | F147: 2 | G147: 0
A148: 0000137 | B148: Manometr / 10 Bar / "Pakkens" / Türkiyə istehsalı | C148: Əvvələ anbar qalığı | F148: 2 | G148: 0
A149: 0000138 | B149: Mişar başlığı dəsti | C149: Əvvələ anbar qalığı | F149: 1 | G149: 0
A150: 0000139 | B150: Boya / sprey / mavi / 400 ml / "Grabond" / Çin istehsalı | C150: Əvvələ anbar qalığı | F150: 1 | G150: 0
A151: 0000140 | B151: Boya / sprey / göy / 400 ml / "Grabond" / Çin istehsalı | C151: Əvvələ anbar qalığı | F151: 1 | G151: 0
A152: 0000141 | B152: Boya / sprey / qırmızı / 400 ml / "Vakko" / Çin | C152: Əvvələ anbar qalığı | F152: 1 | G152: 0
A153: 0000142 | B153: Yapışdırıcı / poliuretan / suya davamlı / 600 ml / "APEL" / PA300 / Türkiyə istehsalı | C153: Əvvələ anbar qalığı | F153: 2 | G153: 0
A154: 0000143 | B154: Yapışdırıcı / 2 komponentli / 1 kq / "Rema" / Almaniya istehsalı | C154: Əvvələ anbar qalığı | F154: 1 | G154: 0
A155: 0000144 | B155: Açar başlığı / 70 mm | C155: Əvvələ anbar qalığı | F155: 1 | G155: 0
A156: 0000145 | B156: Açar başlığı / 50 mm | C156: Əvvələ anbar qalığı | F156: 1 | G156: 0
... A165: 0000153 | B165: Filtr / hava / CR 0237 / "Sampiyon" / Türkiyə istehsalı | C165: Əvvələ anbar qalığı | F165: 2 | G165: 0
A166: 0000154 | B166: Lazer nivelyatoru / "AGL" / Almaniya istehsalı | C166: Ələt anbar | H166: 1 | I166: 0
A167: 0000154 | B167: Lazer nivelyatoru / "AGL" / Almaniya istehsalı | C167: Əvvələ anbar qalığı | F167: 1 | G167: 0
A168: 0000154 | B168: Lazer nivelyatoru / "AGL" / Almaniya istehsalı | C168: Xocahəsən anbar | F168: 0 | G168: 1
A169: 0000155 | B169: Burğu / d 14 mm / perforator üçün | C169: Astara anbar | F169: 0 | G169: 2
A170: 0000155 | B170: Burğu / d 14 mm / perforator üçün | C170: Ələt anbar | D170: 2 | E170: 0
A171: 0000155 | B171: Burğu / d 14 mm / perforator üçün | C171: Əvvələ anbar qalığı | F171: 3 | G171: 0
A172: 0000156 | B172: Burğu / d 18 mm / perforator üçün | C172: Astara anbar | F172: 0 | G172: 1
A173: 0000156 | B173: Burğu / d 18 mm / perforator üçün | C173: Ələt anbar | D173: 1 | E173: 0
A174: 0000156 | B174: Burğu / d 18 mm / perforator üçün | C174: Əvvələ anbar qalığı | F174: 1 | G174: 0
A175: 0000157 | B175: Kəsər sapı / taxta | C175: Astara anbar | F175: 0 | G175: 5
A176: 0000157 | B176: Kəsər sapı / taxta | C176: Ələt anbar | D176: 5 | E176: 0
A177: 0000157 | B177: Kəsər sapı / taxta | C177: Əvvələ anbar qalığı | F177: 5 | G177: 0
A178: 0000158 | B178: Künc (gönyə) / 90° / 50sm / tərəzi ilə | C178: Əvvələ anbar qalığı | F178: 1 | G178: 0
A179: 0000159 | B179: Printer /ağ-qara / "Xerox" / Phaser 3020BI / Çin istehsalı | C179: Əvvələ anbar qalığı | F179: 1 | G179: 0
A180: 0000160 | B180: Printer / ağ-qara / skaner ilə / "Epson" / L3251 / Filippin istehsalı | C180: Astara anbar | F180: 0 | G180: 1
A181: 0000160 | B181: Printer / ağ-qara / skaner ilə / "Epson" / L3251 / Filippin istehsalı | C181: Ələt anbar | D181: 1 | E181: 0
A182: 0000160 | B182: Printer / ağ-qara / skaner ilə / "Epson" / L3251 / Filippin istehsalı | C182: Əvvələ anbar qalığı | F182: 1 | G182: 0
A183: 0000161 | B183: Printer / rəngli / "Epson" / L1300 / İndoneziya istehsalı | C183: Əvvələ anbar qalığı | F183: 1 | G183: 0
A184: 0000162 | B184: Printer / rəngli / "Epson" / L850 / İndoneziya istehsalı | C184: Əvvələ anbar qalığı | F184: 1 | G184: 0
A185: 0000163 | B185: Printer / rəngli / "HP" / MFP M282 NW / Almaniya istehsalı | C185: Əvvələ anbar qalığı | F185: 1 | G185: 0
A186: 0000164 | B186: Printer / ağ-qara / "HP" / P1005 / Vyetnam istehsalı | C186: Əvvələ anbar qalığı | F186: 1 | G186: 0
A187: 0000165 | B187: Şlanq / d 50 mm / L 6 metr / beton vibratoru üçün | C187: Əvvələ anbar qalığı | F187: 1 | G187: 0
A188: 0000166 | B188: Vibromühərrik / 2,2 kVt / 50 Hz / ZN-70P / Çin istehsalı | C188: Əvvələ anbar qalığı | F188: 1 | G188: 0
A189: 0000167 | B189: Qaynaq aparatı / 20-315 mm / plastik muftalar üçün / "Hürner" / HST 300 Easy D / Almaniya istehsalı | C189: Ələt anbar | H189: 1 | I189: 0
A190: 0000167 | B190: Qaynaq aparatı / 20-315 mm / plastik muftalar üçün / "Hürner" / HST 300 Easy D / Almaniya istehsalı | C190: Əvvələ anbar qalığı | F190: 1 | G190: 0
A191: 0000167 | B191: Qaynaq aparatı / 20-315 mm / plastik muftalar üçün / "Hürner" / HST 300 Easy D / Almaniya istehsalı | C191: Xocahəsən anbar | F191: 0 | G191: 1
A192: 0000168 | B192: Filtr / yanacaq / CS 1606 / "Sampiyon" / Türkiyə istehsalı | C192: Əvvələ anbar qalığı | F192: 7 | G192: 0
A193: 0000169 | B193: Filtr / yağ / CS 0151 / "Sampiyon" / Türkiyə istehsalı | C193: Əvvələ anbar qalığı | F193: 1 | G193: 0
A194: 0000170 | B194: Elektrik yuvası / 16A / qapaqlı / "ENDA" / Türkiyə istehsalı | C194: Əvvələ anbar qalığı | F194: 1 | G194: 0
A195: 0000171 | B195: Monitor / 23,8 in / "HP" / HP 24F / Çin istehsalı | C195: Əvvələ anbar qalığı | F195: 1 | G195: 0
A196: 0000172 | B196: Yapışdırıcı / PVC-U üçün / 1 kq / "Lebond" | C196: Əvvələ anbar qalığı | F196: 4 | G196: 0
A197: 0000173 | B197: Filtr / hava / P500940 / "Donaldson" / Çin istehsalı | C197: Əvvələ anbar qalığı | F197: 1 | G197: 0
A198: 0000174 | B198: Texniki maye / AdBlue / EURO 6 / 20 kq / "M-Standart" / Belarus istehsalı | C198: Əvvələ anbar qalığı | F198: 3 | G198: 0
A199: 0000175 | B199: Siqnal lenti / SU | C199: Əvvələ anbar qalığı | F199: 5 | G199: 0
A200: 0000176 | B200: Klapan / kəpənək / d 150 mm / "FAF" / Türkiyə istehsalı | C200: Əvvələ anbar qalığı | F200: 2 | G200: 0
A201: 0000177 | B201: Klapan / kəpənək / d 40 mm / "FAF" / Türkiyə istehsalı | C201: Əvvələ anbar qalığı | F201: 6 | G201: 0
... A224: 0000200 | B224: Disk / cilalayıcı / d 115 mm / lagonda üçün | C224: Əvvələ anbar qalığı | F224: 11 | G224: 0
A225: 0000200 | B225: Disk / cilalayıcı / d 115 mm / lagonda üçün | C225: Kommersiya şirkəti | H225: 10 | I225: 0
A226: 0000201 | B226: Disk / kəsən / d 350 mm / lagonda üçün | C226: Əvvələ anbar qalığı | F226: 1 | G226: 0
A227: 0000202 | B227: Açar / qayka / 22 x 24 | C227: Əvvələ anbar qalığı | F227: 1 | G227: 0
A228: 0000203 | B228: Açar / qayka / bir tərəfi halqalı / 28 | C228: Əvvələ anbar qalığı | F228: 1 | G228: 0
A229: 0000204 | B229: Açar / qayka / 19 x 22 | C229: Əvvələ anbar qalığı | F229: 1 | G229: 0
A230: 0000205 | B230: Açar / qayka / bir tərəfi halqalı / 30 | C230: Əvvələ anbar qalığı | F230: 3 | G230: 0
A231: 0000206 | B231: Açar / qayka / bir tərəfi halqalı / 32 | C231: Əvvələ anbar qalığı | F231: 1 | G231: 0
A232: 0000207 | B232: Açar / qayka / iki tərəfi halqalı / 30 x 32 | C232: Əvvələ anbar qalığı | F232: 1 | G232: 0
A233: 0000208 | B233: Açar / qayka / iki tərəfi halqalı / 36 x 41 | C233: Əvvələ anbar qalığı | F233: 1 | G233: 0
A234: 0000209 | B234: Açar / qayka / halqalı / 36 | C234: Əvvələ anbar qalığı | F234: 1 | G234: 0
A235: 0000210 | B235: Açar / qayka / halqalı / 41 | C235: Əvvələ anbar qalığı | F235: 1 | G235: 0
A236: 0000211 | B236: Açar / qayka / halqalı / 27 | C236: Əvvələ anbar qalığı | F236: 1 | G236: 0
...

Sheet Checkup
A1: Mal adları | B1: Fərq
A2: Açar / 6 künc / d 12 mm | B2: 0
A3: Açar / qayka / 19 x 22 | B3: 0
A4: Açar / qayka / 22 x 24 | B4: 0
A5: Açar / qayka / bir tərəfi halqalı / 28 | B5: 0
A6: Açar / qayka / bir tərəfi halqalı / 30 | B6: 0
A7: Açar / qayka / bir tərəfi halqalı / 32 | B7: 0
A8: Açar / qayka / halqalı / 27 | B8: 0
A9: Açar / qayka / halqalı / 36 | B9: 0
A10: Açar / qayka / halqalı / 41 | B10: 0
A11: Açar / qayka / iki tərəfi halqalı / 30 x 32 | B11: 0
A12: Açar / qayka / iki tərəfi halqalı / 36 x 41 | B12: 0
A13: Açar başlığı / 15 mm | B13: 0
... A888: Yol nişanı / sürət 10 km/s | B888: 0
A889: (blank)
A890: Mouse-Keyboard / wireless / "DELL" KM3322W | B890: 0
A891: Notebook / 16GB / 512GB / SSD 6GB / "HP" VİCTUS 15-FA2082 WM i5-1342OH | B891: 0
A892: Çanta / notebook üçün / "HP" Prelude 15.6" TOP LOAD | B892: 0
A893: Sayğac / Elektrik / 3*100A LUN23 /LUNA | B893: 0
A894: Çəkmə / qısa boğaz / 44 / "YDS" | B894: 0
A895: Çəkmə / qısa boğaz / 42 / "YDS" | B895: 0
A896: Laqonda / 180/230/2000Vt / "Dingoi" / JB02401 | B896: 0
A897: Ayaqqabı / qısa boğaz / 42 / "Dingoi" 90050142 | B897: 0
A898: Laqonda / 125/1220V / "Dingoi" / 101090 | B898: 0
A899: Eynək / qara / 3M358 | B899: 0
A900: Disk / kəsici / d 230 mm / 3.2 / laqonda üçün / "Grassland" | B900: 0
A901: Jilet / sarı-narıncı / briqadir üçün | B901: 0
... A1227: Grand Total | B1227: 0

Sheet Filtrasiya
B3: № | C3: Tarix | D3: Malın adı | E3: Malın kodu | F3: Ölçü vahidi | G3: Malın miqdarı | H3: Vahidin qiyməti | I3: Ümumi məbləğ | J3: Alınma üsulu | K3: Kontragentin adı | L3: Müqavilə nömrəsi | M3: Qaimə №
B4: =ROW()-3 -> 1 | C4: 46148 | D4: {=_xlfn.XLOOKUP(Table4[[#This Row],[Malın kodu]],Table1[[#All],[Malın kodu]],Table1[[#All],[Malın adı]],"xəta",0)} -> Fırça / N143 (şotka pas qara) | E4: 0000997 | F4: ədəd | G4: 3 | H4: 1 | I4: =Table4[[#This Row],[Malın miqdarı]]*Table4[[#This Row],[Vahidin qiyməti]] -> 3 | J4: Köçürmə | K4: "Neq MMC" | L4: № 24-060 | M4: 3403
B5: =ROW()-3 -> 2 | C5: 46148 | D5: {=_xlfn.XLOOKUP(Table4[[#This Row],[Malın kodu]],Table1[[#All],[Malın kodu]],Table1[[#All],[Malın adı]],"xəta",0)} -> Bıçaq / oboy / N115 | E5: 0001038 | F5: ədəd | G5: 2 | H5: 1.2 | I5: =Table4[[#This Row],[Malın miqdarı]]*Table4[[#This Row],[Vahidin qiyməti]] -> 2.4 | J5: Köçürmə | K5: "Neq MMC" | L5: № 24-060 | M5: 3403
B6: =ROW()-3 -> 3 | C6: 46148 | D6: {=_xlfn.XLOOKUP(Table4[[#This Row],[Malın kodu]],Table1[[#All],[Malın kodu]],Table1[[#All],[Malın adı]],"xəta",0)} -> Qıfıl / VAZ | E6: 0001039 | F6: ədəd | G6: 3 | H6: 4.5 | I6: =Table4[[#This Row],[Malın miqdarı]]*Table4[[#This Row],[Vahidin qiyməti]] -> 13.5 | J6: Köçürmə | K6: "Neq MMC" | L6: № 24-060 | M6: 3403
B7: =ROW()-3 -> 4 | C7: 46148 | D7: {=_xlfn.XLOOKUP(Table4[[#This Row],[Malın kodu]],Table1[[#All],[Malın kodu]],Table1[[#All],[Malın adı]],"xəta",0)} -> Qıfıl / Extra 70 | E7: 0001040 | F7: ədəd | G7: 2 | H7: 2.2 | I7: =Table4[[#This Row],[Malın miqdarı]]*Table4[[#This Row],[Vahidin qiyməti]] -> 4.4 | J7: Köçürmə | K7: "Neq MMC" | L7: № 24-060 | M7: 3403
B8: =ROW()-3 -> 5 | C8: 46148 | D8: {=_xlfn.XLOOKUP(Table4[[#This Row],[Malın kodu]],Table1[[#All],[Malın kodu]],Table1[[#All],[Malın adı]],"xəta",0)} -> Projektor / led / 200 Vt | E8: 0001041 | F8: ədəd | G8: 3 | H8: 30 | I8: =Table4[[#This Row],[Malın miqdarı]]*Table4[[#This Row],[Vahidin qiyməti]] -> 90 | J8: Köçürmə | K8: "Neq MMC" | L8: № 24-060 | M8: 3403
B9: =ROW()-3 -> 6 | C9: 46148 | D9: {=_xlfn.XLOOKUP(Table4[[#This Row],[Malın kodu]],Table1[[#All],[Malın kodu]],Table1[[#All],[Malın adı]],"xəta",0)} -> Lampa / 12 Vt / ağ / kürəvi | E9: 0001042 | F9: ədəd | G9: 10 | H9: 1.2 | I9: =Table4[[#This Row],[Malın miqdarı]]*Table4[[#This Row],[Vahidin qiyməti]] -> 12 | J9: Köçürmə | K9: "Neq MMC" | L9: № 24-060 | M9: 3403
B10: =ROW()-3 -> 7 | C10: 46148 | D10: {=_xlfn.XLOOKUP(Table4[[#This Row],[Malın kodu]],Table1[[#All],[Malın kodu]],Table1[[#All],[Malın adı]],"xəta",0)} -> Əlcək / göy | E10: 0001043 | F10: ədəd | G10: 2 | H10: 5 | I10: =Table4[[#This Row],[Malın miqdarı]]*Table4[[#This Row],[Vahidin qiyməti]] -> 10 | J10: Köçürmə | K10: "Neq MMC" | L10: № 24-060 | M10: 3403
B11: =ROW()-3 -> 8 | C11: 46148 | D11: {=_xlfn.XLOOKUP(Table4[[#This Row],[Malın kodu]],Table1[[#All],[Malın kodu]],Table1[[#All],[Malın adı]],"xəta",0)} -> Metrə / 10m / "Fisko" / N88 | E11: 0001044 | F11: ədəd | G11: 1 | H11: 3 | I11: =Table4[[#This Row],[Malın miqdarı]]*Table4[[#This Row],[Vahidin qiyməti]] -> 3 | J11: Köçürmə | K11: "Neq MMC" | L11: № 24-060 | M11: 3403
B12: =ROW()-3 -> 9 | C12: 46148 | D12: {=_xlfn.XLOOKUP(Table4[[#This Row],[Malın kodu]],Table1[[#All],[Malın kodu]],Table1[[#All],[Malın adı]],"xəta",0)} -> Araba təkəri | E12: 0001045 | F12: ədəd | G12: 1 | H12: 5 | I12: =Table4[[#This Row],[Malın miqdarı]]*Table4[[#This Row],[Vahidin qiyməti]] -> 5 | J12: Köçürmə | K12: "Neq MMC" | L12: № 24-060 | M12: 3403
B13: =ROW()-3 -> 10 | C13: 46148 | D13: {=_xlfn.XLOOKUP(Table4[[#This Row],[Malın kodu]],Table1[[#All],[Malın kodu]],Table1[[#All],[Malın adı]],"xəta",0)} -> Kömür / laqonda üçün / "Conan" | E13: 0001046 | F13: ədəd | G13: 1 | H13: 5.5 | I13: =Table4[[#This Row],[Malın miqdarı]]*Table4[[#This Row],[Vahidin qiyməti]] -> 5.5 | J13: Köçürmə | K13: "Neq MMC" | L13: № 24-060 | M13: 3403
B14: =ROW()-3 -> 11 | C14: 46149 | D14: {=_xlfn.XLOOKUP(Table4[[#This Row],[Malın kodu]],Table1[[#All],[Malın kodu]],Table1[[#All],[Malın adı]],"xəta",0)} -> Potric uzatma prizi / 5x32A / 225 | E14: 0001054 | F14: ədəd | G14: 20 | H14: 5.5 | I14: =Table4[[#This Row],[Malın miqdarı]]*Table4[[#This Row],[Vahidin qiyməti]] -> 110 | J14: Köçürmə | K14: "Amper Elektrik" | L14: №198AMP/2026. | M14: 22429
B15: =ROW()-3 -> 12 | C15: 46149 | D15: {=_xlfn.XLOOKUP(Table4[[#This Row],[Malın kodu]],Table1[[#All],[Malın kodu]],Table1[[#All],[Malın adı]],"xəta",0)} -> MİQRİK XCK-J108 POTRİC | E15: 0001055 | F15: ədəd | G15: 4 | H15: 12 | I15: =Table4[[#This Row],[Malın miqdarı]]*Table4[[#This Row],[Vahidin qiyməti]] -> 48 | J15: Köçürmə | K15: "Amper Elektrik" | L15: №198AMP/2026. | M15: 22429
... B22: =ROW()-3 -> 19 | C22: 46149 | D22: {=_xlfn.XLOOKUP(Table4[[#This Row],[Malın kodu]],Table1[[#All],[Malın kodu]],Table1[[#All],[Malın adı]],"xəta",0)} -> Potric / 5x32A / FİŞ 025 | E22: 0001062 | F22: ədəd | G22: 20 | H22: 5.9 | I22: =Table4[[#This Row],[Malın miqdarı]]*Table4[[#This Row],[Vahidin qiyməti]] -> 118 | J22: Köçürmə | K22: "Amper Elektrik" | L22: №198AMP/2026. | M22: 22429
B23: =ROW()-3 -> 20 | C23: 46174 | D23: {=_xlfn.XLOOKUP(Table4[[#This Row],[Malın kodu]],Table1[[#All],[Malın kodu]],Table1[[#All],[Malın adı]],"xəta",0)} -> Filtr/ yağ/ ZP3375 MG/ "FİL"/Türkiyə istehsalı | E23: 0000001 | F23: ədəd | G23: 1 | I23: =Table4[[#This Row],[Malın miqdarı]]*Table4[[#This Row],[Vahidin qiyməti]] -> 0 | J23: Əvvələ qalıq | K23: Anbar qalığı | L23: =_xlfn.XLOOKUP(Table4[[#This Row],[Kontragentin adı]],Table2[Kontragentin adı],Table2[Müqavilə nömrəsi],"Xəta",0) -> 0 | M23: =_xlfn.XLOOKUP(Table4[[#This Row],[Kontragentin adı]],Table2[Kontragentin adı],Table2[Müqavilə nömrəsi],"Xəta",0) -> 0
B24: =ROW()-3 -> 21 | C24: 46174 | D24: {=_xlfn.XLOOKUP(Table4[[#This Row],[Malın kodu]],Table1[[#All],[Malın kodu]],Table1[[#All],[Malın adı]],"xəta",0)} -> Filtr/ yağ/ ZP520/ "FİL"/Türkiyə istehsalı | E24: 0000002 | F24: ədəd | G24: 1 | I24: =Table4[[#This Row],[Malın miqdarı]]*Table4[[#This Row],[Vahidin qiyməti]] -> 0 | J24: Əvvələ qalıq | K24: Anbar qalığı | L24: =_xlfn.XLOOKUP(Table4[[#This Row],[Kontragentin adı]],Table2[Kontragentin adı],Table2[Müqavilə nömrəsi],"Xəta",0) -> 0 | M24: =_xlfn.XLOOKUP(Table4[[#This Row],[Kontragentin adı]],Table2[Kontragentin adı],Table2[Müqavilə nömrəsi],"Xəta",0) -> 0
B25: =ROW()-3 -> 22 | C25: 46174 | D25: {=_xlfn.XLOOKUP(Table4[[#This Row],[Malın kodu]],Table1[[#All],[Malın kodu]],Table1[[#All],[Malın adı]],"xəta",0)} -> Kabel qoruyucu gövdə / alüminium / kontaktor üçün | E25: 0000003 | F25: ədəd | G25: 17 | I25: =Table4[[#This Row],[Malın miqdarı]]*Table4[[#This Row],[Vahidin qiyməti]] -> 0 | J25: Əvvələ qalıq | K25: Anbar qalığı | L25: =_xlfn.XLOOKUP(Table4[[#This Row],[Kontragentin adı]],Table2[Kontragentin adı],Table2[Müqavilə nömrəsi],"Xəta",0) -> 0 | M25: =_xlfn.XLOOKUP(Table4[[#This Row],[Kontragentin adı]],Table2[Kontragentin adı],Table2[Müqavilə nömrəsi],"Xəta",0) -> 0
B26: =ROW()-3 -> 23 | C26: 46174 | D26: {=_xlfn.XLOOKUP(Table4[[#This Row],[Malın kodu]],Table1[[#All],[Malın kodu]],Table1[[#All],[Malın adı]],"xəta",0)} -> Gərginlik sabitləşdiricisi / 1 faza / "ANDELİ" / SVC-200000VA | E26: 0000004 | F26: ədəd | G26: 1 | I26: =Table4[[#This Row],[Malın miqdarı]]*Table4[[#This Row],[Vahidin qiyməti]] -> 0 | J26: Əvvələ qalıq | K26: Anbar qalığı | L26: =_xlfn.XLOOKUP(Table4[[#This Row],[Kontragentin adı]],Table2[Kontragentin adı],Table2[Müqavilə nömrəsi],"Xəta",0) -> 0 | M26: =_xlfn.XLOOKUP(Table4[[#This Row],[Kontragentin adı]],Table2[Kontragentin adı],Table2[Müqavilə nömrəsi],"Xəta",0) -> 0
B27: =ROW()-3 -> 24 | C27: 46174 | D27: {=_xlfn.XLOOKUP(Table4[[#This Row],[Malın kodu]],Table1[[#All],[Malın kodu]],Table1[[#All],[Malın adı]],"xəta",0)} -> Elektrik lövhə / 550x800mm / metal | E27: 0000005 | F27: ədəd | G27: 1 | I27: =Table4[[#This Row],[Malın miqdarı]]*Table4[[#This Row],[Vahidin qiyməti]] -> 0 | J27: Əvvələ qalıq | K27: Anbar qalığı | L27: =_xlfn.XLOOKUP(Table4[[#This Row],[Kontragentin adı]],Table2[Kontragentin adı],Table2[Müqavilə nömrəsi],"Xəta",0) -> 0 | M27: =_xlfn.XLOOKUP(Table4[[#This Row],[Kontragentin adı]],Table2[Kontragentin adı],Table2[Müqavilə nömrəsi],"Xəta",0) -> 0
B28: =ROW()-3 -> 25 | C28: 46174 | D28: {=_xlfn.XLOOKUP(Table4[[#This Row],[Malın kodu]],Table1[[#All],[Malın kodu]],Table1[[#All],[Malın adı]],"xəta",0)} -> Kabel qoruyucu gövdə / alüminium / kontaktor ilə | E28: 0000006 | F28: dəst | G28: 6 | I28: =Table4[[#This Row],[Malın miqdarı]]*Table4[[#This Row],[Vahidin qiyməti]] -> 0 | J28: Əvvələ qalıq | K28: Anbar qalığı | L28: =_xlfn.XLOOKUP(Table4[[#This Row],[Kontragentin adı]],Table2[Kontragentin adı],Table2[Müqavilə nömrəsi],"Xəta",0) -> 0 | M28: =_xlfn.XLOOKUP(Table4[[#This Row],[Kontragentin adı]],Table2[Kontragentin adı],Table2[Müqavilə nömrəsi],"Xəta",0) -> 0
B29: =ROW()-3 -> 26 | C29: 46174 | D29: {=_xlfn.XLOOKUP(Table4[[#This Row],[Malın kodu]],Table1[[#All],[Malın kodu]],Table1[[#All],[Malın adı]],"xəta",0)} -> Filtr/ yağ/ ZP540 A/ "FİL"/Türkiyə istehsalı | E29: 0000007 | F29: ədəd | G29: 1 | I29: =Table4[[#This Row],[Malın miqdarı]]*Table4[[#This Row],[Vahidin qiyməti]] -> 0 | J29: Əvvələ qalıq | K29: Anbar qalığı | L29: =_xlfn.XLOOKUP(Table4[[#This Row],[Kontragentin adı]],Table2[Kontragentin adı],Table2[Müqavilə nömrəsi],"Xəta",0) -> 0 | M29: =_xlfn.XLOOKUP(Table4[[#This Row],[Kontragentin adı]],Table2[Kontragentin adı],Table2[Müqavilə nömrəsi],"Xəta",0) -> 0
B30: =ROW()-3 -> 27 | C30: 46174 | D30: {=_xlfn.XLOOKUP(Table4[[#This Row],[Malın kodu]],Table1[[#All],[Malın kodu]],Table1[[#All],[Malın adı]],"xəta",0)} -> Laboratoriya sınaq qabları / podnos tipli / paslanmaz metal | E30: 0000008 | F30: ədəd | G30: 12 | I30: =Table4[[#This Row],[Malın miqdarı]]*Table4[[#This Row],[Vahidin qiyməti]] -> 0 | J30: Əvvələ qalıq | K30: Anbar qalığı | L30: =_xlfn.XLOOKUP(Table4[[#This Row],[Kontragentin adı]],Table2[Kontragentin adı],Table2[Müqavilə nömrəsi],"Xəta",0) -> 0 | M30: =_xlfn.XLOOKUP(Table4[[#This Row],[Kontragentin adı]],Table2[Kontragentin adı],Table2[Müqavilə nömrəsi],"Xəta",0) -> 0
B31: =ROW()-3 -> 28 | C31: 46174 | D31: {=_xlfn.XLOOKUP(Table4[[#This Row],[Malın kodu]],Table1[[#All],[Malın kodu]],Table1[[#All],[Malın adı]],"xəta",0)} -> Laboratoriya sınaq qabları / kolba / plastik | E31: 0000009 | F31: dəst | G31: 1 | I31: =Table4[[#This Row],[Malın miqdarı]]*Table4[[#This Row],[Vahidin qiyməti]] -> 0 | J31: Əvvələ qalıq | K31: Anbar qalığı | L31: =_xlfn.XLOOKUP(Table4[[#This Row],[Kontragentin adı]],Table2[Kontragentin adı],Table2[Müqavilə nömrəsi],"Xəta",0) -> 0 | M31: =_xlfn.XLOOKUP(Table4[[#This Row],[Kontragentin adı]],Table2[Kontragentin adı],Table2[Müqavilə nömrəsi],"Xəta",0) -> 0
B32: =ROW()-3 -> 29 | C32: 46174 | D32: {=_xlfn.XLOOKUP(Table4[[#This Row],[Malın kodu]],Table1[[#All],[Malın kodu]],Table1[[#All],[Malın adı]],"xəta",0)} -> Filtr/ yanacaq/ PL 270 / "SCT" / Turbomax | E32: 0000010 | F32: ədəd | G32: 1 | I32: =Table4[[#This Row],[Malın miqdarı]]*Table4[[#This Row],[Vahidin qiyməti]] -> 0 | J32: Əvvələ qalıq | K32: Anbar qalığı | L32: =_xlfn.XLOOKUP(Table4[[#This Row],[Kontragentin adı]],Table2[Kontragentin adı],Table2[Müqavilə nömrəsi],"Xəta",0) -> 0 | M32: =_xlfn.XLOOKUP(Table4[[#This Row],[Kontragentin adı]],Table2[Kontragentin adı],Table2[Müqavilə nömrəsi],"Xəta",0) -> 0
B33: =ROW()-3 -> 30 | C33: 46174 | D33: {=_xlfn.XLOOKUP(Table4[[#This Row],[Malın kodu]],Table1[[#All],[Malın kodu]],Table1[[#All],[Malın adı]],"xəta",0)} -> Filtr/ yanacaq/ ZP3043 FMB/ "FİL"/Türkiyə istehsalı | E33: 0000011 | F33: ədəd | G33: 2 | I33: =Table4[[#This Row],[Malın miqdarı]]*Table4[[#This Row],[Vahidin qiyməti]] -> 0 | J33: Əvvələ qalıq | K33: Anbar qalığı | L33: =_xlfn.XLOOKUP(Table4[[#This Row],[Kontragentin adı]],Table2[Kontragentin adı],Table2[Müqavilə nömrəsi],"Xəta",0) -> 0 | M33: =_xlfn.XLOOKUP(Table4[[#This Row],[Kontragentin adı]],Table2[Kontragentin adı],Table2[Müqavilə nömrəsi],"Xəta",0) -> 0
B34: =ROW()-3 -> 31 | C34: 46174 | D34: {=_xlfn.XLOOKUP(Table4[[#This Row],[Malın kodu]],Table1[[#All],[Malın kodu]],Table1[[#All],[Malın adı]],"xəta",0)} -> Filtr/ yağ/ ZP531/ "FİL"/Türkiyə istehsalı | E34: 0000012 | F34: ədəd | G34: 1 | I34: =Table4[[#This Row],[Malın miqdarı]]*Table4[[#This Row],[Vahidin qiyməti]] -> 0 | J34: Əvvələ qalıq | K34: Anbar qalığı | L34: =_xlfn.XLOOKUP(Table4[[#This Row],[Kontragentin adı]],Table2[Kontragentin adı],Table2[Müqavilə nömrəsi],"Xəta",0) -> 0 | M34: =_xlfn.XLOOKUP(Table4[[#This Row],[Kontragentin adı]],Table2[Kontragentin adı],Table2[Müqavilə nömrəsi],"Xəta",0) -> 0
... B983: =ROW()-3 -> 980 | C983: 46174 | D983: {=_xlfn.XLOOKUP(Table4[[#This Row],[Malın kodu]],Table1[[#All],[Malın kodu]],Table1[[#All],[Malın adı]],"xəta",0)} -> Planşet / taxeometr üçün | E983: 0001075 | F983: ədəd | G983: 1 | I983: =Table4[[#This Row],[Malın miqdarı]]*Table4[[#This Row],[Vahidin qiyməti]] -> 0 | J983: Əvvələ qalıq | K983: Anbar qalığı | L983: =_xlfn.XLOOKUP(Table4[[#This Row],[Kontragentin adı]],Table2[Kontragentin adı],Table2[Müqavilə nömrəsi],"Xəta",0) -> 0 | M983: =_xlfn.XLOOKUP(Table4[[#This Row],[Kontragentin adı]],Table2[Kontragentin adı],Table2[Müqavilə nömrəsi],"Xəta",0) -> 0
B984: =ROW()-3 -> 981 | C984: 46179 | D984: {=_xlfn.XLOOKUP(Table4[[#This Row],[Malın kodu]],Table1[[#All],[Malın kodu]],Table1[[#All],[Malın adı]],"xəta",0)} -> Mouse-Keyboard / wireless / "DELL" KM3322W | E984: 0000966 | F984: dəst | G984: 1 | H984: 57.5 | I984: =Table4[[#This Row],[Malın miqdarı]]*Table4[[#This Row],[Vahidin qiyməti]] -> 57.5 | J984: Köçürmə | K984: "PROCOMP" MMC | L984: №050626-1 | M984: =_xlfn.XLOOKUP(Table4[[#This Row],[Kontragentin adı]],Table2[Kontragentin adı],Table2[Müqavilə nömrəsi],"Xəta",0) -> №050626-1
B985: =ROW()-3 -> 982 | C985: 46179 | D985: {=_xlfn.XLOOKUP(Table4[[#This Row],[Malın kodu]],Table1[[#All],[Malın kodu]],Table1[[#All],[Malın adı]],"xəta",0)} -> Notebook / 16GB / 512GB / SSD 6GB / "HP" VİCTUS 15-FA2082 WM i5-1342OH | E985: 0000967 | F985: ədəd | G985: 1 | H985: 1737 | I985: =Table4[[#This Row],[Malın miqdarı]]*Table4[[#This Row],[Vahidin qiyməti]] -> 1737 | J985: Köçürmə | K985: "PROCOMP" MMC | L985: №050626-1 | M985: =_xlfn.XLOOKUP(Table4[[#This Row],[Kontragentin adı]],Table2[Kontragentin adı],Table2[Müqavilə nömrəsi],"Xəta",0) -> №050626-1
B986: =ROW()-3 -> 983 | C986: 46179 | D986: {=_xlfn.XLOOKUP(Table4[[#This Row],[Malın kodu]],Table1[[#All],[Malın kodu]],Table1[[#All],[Malın adı]],"xəta",0)} -> Çanta / notebook üçün / "HP" Prelude 15.6" TOP LOAD | E986: 0000968 | F986: ədəd | G986: 1 | H986: 39.8 | I986: =Table4[[#This Row],[Malın miqdarı]]*Table4[[#This Row],[Vahidin qiyməti]] -> 39.8 | J986: Köçürmə | K986: "PROCOMP" MMC | L986: №050626-1 | M986: =_xlfn.XLOOKUP(Table4[[#This Row],[Kontragentin adı]],Table2[Kontragentin adı],Table2[Müqavilə nömrəsi],"Xəta",0) -> №050626-1
B987: =ROW()-3 -> 984 | C987: 46181 | D987: {=_xlfn.XLOOKUP(Table4[[#This Row],[Malın kodu]],Table1[[#All],[Malın kodu]],Table1[[#All],[Malın adı]],"xəta",0)} -> Burğu / 8 x 120 mm | E987: 0000219 | F987: ədəd | G987: 1 | H987: 1 | I987: =Table4[[#This Row],[Malın miqdarı]]*Table4[[#This Row],[Vahidin qiyməti]] -> 1 | J987: Köçürmə | K987: "Neq MMC" | L987: =_xlfn.XLOOKUP(Table4[[#This Row],[Kontragentin adı]],Table2[Kontragentin adı],Table2[Müqavilə nömrəsi],"Xəta",0) -> № 24-060 | M987: 4466
B988: =ROW()-3 -> 985 | C988: 46181 | D988: {=_xlfn.XLOOKUP(Table4[[#This Row],[Malın kodu]],Table1[[#All],[Malın kodu]],Table1[[#All],[Malın adı]],"xəta",0)} -> Valik / 20-lik "Defne" | E988: 0000993 | F988: ədəd | G988: 5 | H988: 1.7 | I988: =Table4[[#This Row],[Malın miqdarı]]*Table4[[#This Row],[Vahidin qiyməti]] -> 8.5 | J988: Köçürmə | K988: "Neq MMC" | L988: =_xlfn.XLOOKUP(Table4[[#This Row],[Kontragentin adı]],Table2[Kontragentin adı],Table2[Müqavilə nömrəsi],"Xəta",0) -> № 24-060 | M988: 4466
B989: =ROW()-3 -> 986 | C989: 46181 | D989: {=_xlfn.XLOOKUP(Table4[[#This Row],[Malın kodu]],Table1[[#All],[Malın kodu]],Table1[[#All],[Malın adı]],"xəta",0)} -> Qaynaq çubuğu (elektrod) / 3 / "Azkaynak" | E989: 0000995 | F989: paçka | G989: 2 | H989: 16 | I989: =Table4[[#This Row],[Malın miqdarı]]*Table4[[#This Row],[Vahidin qiyməti]] -> 32 | J989: Köçürmə | K989: "Neq MMC" | L989: =_xlfn.XLOOKUP(Table4[[#This Row],[Kontragentin adı]],Table2[Kontragentin adı],Table2[Müqavilə nömrəsi],"Xəta",0) -> № 24-060 | M989: 4466
B990: =ROW()-3 -> 987 | C990: 46181 | D990: {=_xlfn.XLOOKUP(Table4[[#This Row],[Malın kodu]],Table1[[#All],[Malın kodu]],Table1[[#All],[Malın adı]],"xəta",0)} -> Əlcək / sarı | E990: 0000996 | F990: ədəd | G990: 50 | H990: 3.5 | I990: =Table4[[#This Row],[Malın miqdarı]]*Table4[[#This Row],[Vahidin qiyməti]] -> 175 | J990: Köçürmə | K990: "Neq MMC" | L990: =_xlfn.XLOOKUP(Table4[[#This Row],[Kontragentin adı]],Table2[Kontragentin adı],Table2[Müqavilə nömrəsi],"Xəta",0) -> № 24-060 | M990: 4466
B991: =ROW()-3 -> 988 | C991: 46181 | D991: {=_xlfn.XLOOKUP(Table4[[#This Row],[Malın kodu]],Table1[[#All],[Malın kodu]],Table1[[#All],[Malın adı]],"xəta",0)} -> Metrə / 5m | E991: 0001033 | F991: ədəd | G991: 3 | H991: 2 | I991: =Table4[[#This Row],[Malın miqdarı]]*Table4[[#This Row],[Vahidin qiyməti]] -> 6 | J991: Köçürmə | K991: "Neq MMC" | L991: =_xlfn.XLOOKUP(Table4[[#This Row],[Kontragentin adı]],Table2[Kontragentin adı],Table2[Müqavilə nömrəsi],"Xəta",0) -> № 24-060 | M991: 4466
B992: =ROW()-3 -> 989 | C992: 46181 | D992: {=_xlfn.XLOOKUP(Table4[[#This Row],[Malın kodu]],Table1[[#All],[Malın kodu]],Table1[[#All],[Malın adı]],"xəta",0)} -> Metrə / 3m | E992: 0001090 | F992: ədəd | G992: 2 | H992: 1 | I992: =Table4[[#This Row],[Malın miqdarı]]*Table4[[#This Row],[Vahidin qiyməti]] -> 2 | J992: Köçürmə | K992: "Neq MMC" | L992: =_xlfn.XLOOKUP(Table4[[#This Row],[Kontragentin adı]],Table2[Kontragentin adı],Table2[Müqavilə nömrəsi],"Xəta",0) -> № 24-060 | M992: 4466
B993: =ROW()-3 -> 990 | C993: 46181 | D993: {=_xlfn.XLOOKUP(Table4[[#This Row],[Malın kodu]],Table1[[#All],[Malın kodu]],Table1[[#All],[Malın adı]],"xəta",0)} -> Bel sapı | E993: 0001131 | F993: ədəd | G993: 10 | H993: 2 | I993: =Table4[[#This Row],[Malın miqdarı]]*Table4[[#This Row],[Vahidin qiyməti]] -> 20 | J993: Köçürmə | K993: "Neq MMC" | L993: =_xlfn.XLOOKUP(Table4[[#This Row],[Kontragentin adı]],Table2[Kontragentin adı],Table2[Müqavilə nömrəsi],"Xəta",0) -> № 24-060 | M993: 4466
B994: =ROW()-3 -> 991 | C994: 46181 | D994: {=_xlfn.XLOOKUP(Table4[[#This Row],[Malın kodu]],Table1[[#All],[Malın kodu]],Table1[[#All],[Malın adı]],"xəta",0)} -> Jilet / fəhlə | E994: 0001133 | F994: ədəd | G994: 15 | H994: 1.3 | I994: =Table4[[#This Row],[Malın miqdarı]]*Table4[[#This Row],[Vahidin qiyməti]] -> 19.5 | J994: Köçürmə | K994: "Neq MMC" | L994: =_xlfn.XLOOKUP(Table4[[#This Row],[Kontragentin adı]],Table2[Kontragentin adı],Table2[Müqavilə nömrəsi],"Xəta",0) -> № 24-060 | M994: 4466
B995: =ROW()-3 -> 992 | C995: 46181 | D995: {=_xlfn.XLOOKUP(Table4[[#This Row],[Malın kodu]],Table1[[#All],[Malın kodu]],Table1[[#All],[Malın adı]],"xəta",0)} -> Çəkic / 2 kq | E995: 0001148 | F995: ədəd | G995: 1 | H995: 7.5 | I995: =Table4[[#This Row],[Malın miqdarı]]*Table4[[#This Row],[Vahidin qiyməti]] -> 7.5 | J995: Köçürmə | K995: "Neq MMC" | L995: =_xlfn.XLOOKUP(Table4[[#This Row],[Kontragentin adı]],Table2[Kontragentin adı],Table2[Müqavilə nömrəsi],"Xəta",0) -> № 24-060 | M995: 4466
B996: =ROW()-3 -> 993 | C996: 46181 | D996: {=_xlfn.XLOOKUP(Table4[[#This Row],[Malın kodu]],Table1[[#All],[Malın kodu]],Table1[[#All],[Malın adı]],"xəta",0)} -> Disk / d 230mm / nerj nazik | E996: 0001175 | F996: ədəd | G996: 25 | H996: 3.8 | I996: =Table4[[#This Row],[Malın miqdarı]]*Table4[[#This Row],[Vahidin qiyməti]] -> 95 | J996: Köçürmə | K996: "Neq MMC" | L996: =_xlfn.XLOOKUP(Table4[[#This Row],[Kontragentin adı]],Table2[Kontragentin adı],Table2[Müqavilə nömrəsi],"Xəta",0) -> № 24-060 | M996: 4466
B997: =ROW()-3 -> 994 | C997: 46181 | D997: {=_xlfn.XLOOKUP(Table4[[#This Row],[Malın kodu]],Table1[[#All],[Malın kodu]],Table1[[#All],[Malın adı]],"xəta",0)} -> İzolyasiya lenti / 25m / qara | E997: 0001184 | F997: ədəd | G997: 10 | H997: 0.7 | I997: =Table4[[#This Row],[Malın miqdarı]]*Table4[[#This Row],[Vahidin qiyməti]] -> 7 | J997: Köçürmə | K997: "Neq MMC" | L997: =_xlfn.XLOOKUP(Table4[[#This Row],[Kontragentin adı]],Table2[Kontragentin adı],Table2[Müqavilə nömrəsi],"Xəta",0) -> № 24-060 | M997: 4478
B998: =ROW()-3 -> 995 | C998: 46181 | D998: {=_xlfn.XLOOKUP(Table4[[#This Row],[Malın kodu]],Table1[[#All],[Malın kodu]],Table1[[#All],[Malın adı]],"xəta",0)} -> Yanmış məftil | E998: 0001185 | F998: kq | G998: 100 | H998: 1.6 | I998: =Table4[[#This Row],[Malın miqdarı]]*Table4[[#This Row],[Vahidin qiyməti]] -> 160 | J998: Köçürmə | K998: "Neq MMC" | L998: =_xlfn.XLOOKUP(Table4[[#This Row],[Kontragentin adı]],Table2[Kontragentin adı],Table2[Müqavilə nömrəsi],"Xəta",0) -> № 24-060 | M998: 4466
... B1016: =ROW()-3 -> 1013 | C1016: 46183 | D1016: {=_xlfn.XLOOKUP(Table4[[#This Row],[Malın kodu]],Table1[[#All],[Malın kodu]],Table1[[#All],[Malın adı]],"xəta",0)} -> Sututucu bant / AK 20/2 | E1016: 0001142 | F1016: metr | G1016: 100 | H1016: 5.1 | I1016: =Table4[[#This Row],[Malın miqdarı]]*Table4[[#This Row],[Vahidin qiyməti]] -> 510 | J1016: Köçürmə | K1016: "TURQUOİSE" MMC | L1016: =_xlfn.XLOOKUP(Table4[[#This Row],[Kontragentin adı]],Table2[Kontragentin adı],Table2[Müqavilə nömrəsi],"Xəta",0) -> №21 | M1016: 016280
B1017: =ROW()-3 -> 1014 | C1017: 46183 | D1017: {=_xlfn.XLOOKUP(Table4[[#This Row],[Malın kodu]],Table1[[#All],[Malın kodu]],Table1[[#All],[Malın adı]],"xəta",0)} -> Kran / arko / d 15mm / latun | E1017: 0001170 | F1017: ədəd | G1017: 3 | H1017: 3.5 | I1017: =Table4[[#This Row],[Malın miqdarı]]*Table4[[#This Row],[Vahidin qiyməti]] -> 10.5 | J1017: Köçürmə | K1017: "Neq MMC" | L1017: =_xlfn.XLOOKUP(Table4[[#This Row],[Kontragentin adı]],Table2[Kontragentin adı],Table2[Müqavilə nömrəsi],"Xəta",0) -> № 24-060 | M1017: =_xlfn.XLOOKUP(Table4[[#This Row],[Kontragentin adı]],Table2[Kontragentin adı],Table2[Müqavilə nömrəsi],"Xəta",0) -> № 24-060
B1018: =ROW()-3 -> 1015 | C1018: 46183 | D1018: {=_xlfn.XLOOKUP(Table4[[#This Row],[Malın kodu]],Table1[[#All],[Malın kodu]],Table1[[#All],[Malın adı]],"xəta",0)} -> Suqarışdırıcı (smesitel) / duş CA 5 | E1018: 0001171 | F1018: ədəd | G1018: 1 | H1018: 17 | I1018: =Table4[[#This Row],[Malın miqdarı]]*Table4[[#This Row],[Vahidin qiyməti]] -> 17 | J1018: Köçürmə | K1018: "Neq MMC" | L1018: =_xlfn.XLOOKUP(Table4[[#This Row],[Kontragentin adı]],Table2[Kontragentin adı],Table2[Müqavilə nömrəsi],"Xəta",0) -> № 24-060 | M1018: 4550
B1019: =ROW()-3 -> 1016 | C1019: 46183 | D1019: {=_xlfn.XLOOKUP(Table4[[#This Row],[Malın kodu]],Table1[[#All],[Malın kodu]],Table1[[#All],[Malın adı]],"xəta",0)} -> Duş sepi / 120 fora | E1019: 0001172 | F1019: ədəd | G1019: 3 | H1019: 4.5 | I1019: =Table4[[#This Row],[Malın miqdarı]]*Table4[[#This Row],[Vahidin qiyməti]] -> 13.5 | J1019: Köçürmə | K1019: "Neq MMC" | L1019: =_xlfn.XLOOKUP(Table4[[#This Row],[Kontragentin adı]],Table2[Kontragentin adı],Table2[Müqavilə nömrəsi],"Xəta",0) -> № 24-060 | M1019: 4550
B1020: =ROW()-3 -> 1017 | C1020: 46183 | D1020: {=_xlfn.XLOOKUP(Table4[[#This Row],[Malın kodu]],Table1[[#All],[Malın kodu]],Table1[[#All],[Malın adı]],"xəta",0)} -> Şlanq / moyka 60 / ziko | E1020: 0001173 | F1020: ədəd | G1020: 2 | H1020: 1.5 | I1020: =Table4[[#This Row],[Malın miqdarı]]*Table4[[#This Row],[Vahidin qiyməti]] -> 3 | J1020: Köçürmə | K1020: "Neq MMC" | L1020: =_xlfn.XLOOKUP(Table4[[#This Row],[Kontragentin adı]],Table2[Kontragentin adı],Table2[Müqavilə nömrəsi],"Xəta",0) -> № 24-060 | M1020: 4550
B1021: =ROW()-3 -> 1018 | C1021: 46183 | D1021: {=_xlfn.XLOOKUP(Table4[[#This Row],[Malın kodu]],Table1[[#All],[Malın kodu]],Table1[[#All],[Malın adı]],"xəta",0)} -> Bolt / D-232 | E1021: 0001174 | F1021: ədəd | G1021: 2 | H1021: 0.6 | I1021: =Table4[[#This Row],[Malın miqdarı]]*Table4[[#This Row],[Vahidin qiyməti]] -> 1.2 | J1021: Köçürmə | K1021: "Neq MMC" | L1021: =_xlfn.XLOOKUP(Table4[[#This Row],[Kontragentin adı]],Table2[Kontragentin adı],Table2[Müqavilə nömrəsi],"Xəta",0) -> № 24-060 | M1021: 4550
B1022: =ROW()-3 -> 1019 | C1022: 46183 | D1022: {=_xlfn.XLOOKUP(Table4[[#This Row],[Malın kodu]],Table1[[#All],[Malın kodu]],Table1[[#All],[Malın adı]],"xəta",0)} -> Disk / d 230mm / nerj nazik | E1022: 0001175 | F1022: ədəd | G1022: 15 | H1022: 3.8 | I1022: =Table4[[#This Row],[Malın miqdarı]]*Table4[[#This Row],[Vahidin qiyməti]] -> 57 | J1022: Köçürmə | K1022: "Neq MMC" | L1022: =_xlfn.XLOOKUP(Table4[[#This Row],[Kontragentin adı]],Table2[Kontragentin adı],Table2[Müqavilə nömrəsi],"Xəta",0) -> № 24-060 | M1022: 4550
B1023: =ROW()-3 -> 1020 | C1023: 46183 | D1023: {=_xlfn.XLOOKUP(Table4[[#This Row],[Malın kodu]],Table1[[#All],[Malın kodu]],Table1[[#All],[Malın adı]],"xəta",0)} -> Fırça / metal / 2.5 inch / laqonda üçün / saçaq | E1023: 0001177 | F1023: ədəd | G1023: 5 | H1023: 1.3 | I1023: =Table4[[#This Row],[Malın miqdarı]]*Table4[[#This Row],[Vahidin qiyməti]] -> 6.5 | J1023: Köçürmə | K1023: "Neq MMC" | L1023: =_xlfn.XLOOKUP(Table4[[#This Row],[Kontragentin adı]],Table2[Kontragentin adı],Table2[Müqavilə nömrəsi],"Xəta",0) -> № 24-060 | M1023: 4550
B1024: =ROW()-3 -> 1021 | C1024: 46183 | D1024: {=_xlfn.XLOOKUP(Table4[[#This Row],[Malın kodu]],Table1[[#All],[Malın kodu]],Table1[[#All],[Malın adı]],"xəta",0)} -> Fırça / metal / 4 inch / laqonda üçün / cod | E1024: 0001178 | F1024: ədəd | G1024: 2 | H1024: 2 | I1024: =Table4[[#This Row],[Malın miqdarı]]*Table4[[#This Row],[Vahidin qiyməti]] -> 4 | J1024: Köçürmə | K1024: "Neq MMC" | L1024: =_xlfn.XLOOKUP(Table4[[#This Row],[Kontragentin adı]],Table2[Kontragentin adı],Table2[Müqavilə nömrəsi],"Xəta",0) -> № 24-060 | M1024: 4550
B1025: =ROW()-3 -> 1022 | C1025: 46183 | D1025: {=_xlfn.XLOOKUP(Table4[[#This Row],[Malın kodu]],Table1[[#All],[Malın kodu]],Table1[[#All],[Malın adı]],"xəta",0)} -> Suqarışdırıcı (smesitel) / aftaxa Z62B | E1025: 0001179 | F1025: ədəd | G1025: 1 | H1025: 15 | I1025: =Table4[[#This Row],[Malın miqdarı]]*Table4[[#This Row],[Vahidin qiyməti]] -> 15 | J1025: Köçürmə | K1025: "Neq MMC" | L1025: =_xlfn.XLOOKUP(Table4[[#This Row],[Kontragentin adı]],Table2[Kontragentin adı],Table2[Müqavilə nömrəsi],"Xəta",0) -> № 24-060 | M1025: 4550
B1026: =ROW()-3 -> 1023 | C1026: 46183 | D1026: {=_xlfn.XLOOKUP(Table4[[#This Row],[Malın kodu]],Table1[[#All],[Malın kodu]],Table1[[#All],[Malın adı]],"xəta",0)} -> EL-Bİ Üst 1R | E1026: 0001180 | F1026: ədəd | G1026: 1 | H1026: 1 | I1026: =Table4[[#This Row],[Malın miqdarı]]*Table4[[#This Row],[Vahidin qiyməti]] -> 1 | J1026: Köçürmə | K1026: "Neq MMC" | L1026: =_xlfn.XLOOKUP(Table4[[#This Row],[Kontragentin adı]],Table2[Kontragentin adı],Table2[Müqavilə nömrəsi],"Xəta",0) -> № 24-060 | M1026: 4550
B1027: =ROW()-3 -> 1024 | C1027: 46183 | D1027: {=_xlfn.XLOOKUP(Table4[[#This Row],[Malın kodu]],Table1[[#All],[Malın kodu]],Table1[[#All],[Malın adı]],"xəta",0)} -> Lampa / spot tənzimlənən / 3D 24 Vt / ağ / kvadrat | E1027: 0001181 | F1027: ədəd | G1027: 8 | H1027: 3 | I1027: =Table4[[#This Row],[Malın miqdarı]]*Table4[[#This Row],[Vahidin qiyməti]] -> 24 | J1027: Köçürmə | K1027: "Neq MMC" | L1027: =_xlfn.XLOOKUP(Table4[[#This Row],[Kontragentin adı]],Table2[Kontragentin adı],Table2[Müqavilə nömrəsi],"Xəta",0) -> № 24-060 | M1027: 4550
B1028: =ROW()-3 -> 1025 | C1028: 46183 | D1028: {=_xlfn.XLOOKUP(Table4[[#This Row],[Malın kodu]],Table1[[#All],[Malın kodu]],Table1[[#All],[Malın adı]],"xəta",0)} -> Əl-üz yüyan (Umıvalnik) / orta | E1028: 0001182 | F1028: ədəd | G1028: 1 | H1028: 6 | I1028: =Table4[[#This Row],[Malın miqdarı]]*Table4[[#This Row],[Vahidin qiyməti]] -> 6 | J1028: Köçürmə | K1028: "Neq MMC" | L1028: =_xlfn.XLOOKUP(Table4[[#This Row],[Kontragentin adı]],Table2[Kontragentin adı],Table2[Müqavilə nömrəsi],"Xəta",0) -> № 24-060 | M1028: 4550
B1029: =ROW()-3 -> 1026 | C1029: 46183 | D1029: {=_xlfn.XLOOKUP(Table4[[#This Row],[Malın kodu]],Table1[[#All],[Malın kodu]],Table1[[#All],[Malın adı]],"xəta",0)} -> Elektrik çəngəli (vilka) / qulplu 258 | E1029: 0001183 | F1029: ədəd | G1029: 5 | H1029: 1 | I1029: =Table4[[#This Row],[Malın miqdarı]]*Table4[[#This Row],[Vahidin qiyməti]] -> 5 | J1029: Köçürmə | K1029: "Neq MMC" | L1029: =_xlfn.XLOOKUP(Table4[[#This Row],[Kontragentin adı]],Table2[Kontragentin adı],Table2[Müqavilə nömrəsi],"Xəta",0) -> № 24-060 | M1029: 4550
... B1031: =ROW()-3 -> 1028 | C1031: 46183 | D1031: {=_xlfn.XLOOKUP(Table4[[#This Row],[Malın kodu]],Table1[[#All],[Malın kodu]],Table1[[#All],[Malın adı]],"xəta",0)} -> İzolyasiya lenti / 25m / qara | E1031: 0001184 | F1031: ədəd | G1031: 10 | H1031: 0.7 | I1031: =Table4[[#This Row],[Malın miqdarı]]*Table4[[#This Row],[Vahidin qiyməti]] -> 7 | J1031: Köçürmə | K1031: "Neq MMC" | L1031: =_xlfn.XLOOKUP(Table4[[#This Row],[Kontragentin adı]],Table2[Kontragentin adı],Table2[Müqavilə nömrəsi],"Xəta",0) -> № 24-060 | M1031: 4550
B1032: =ROW()-3 -> 1029 | C1032: 46184 | D1032: {=_xlfn.XLOOKUP(Table4[[#This Row],[Malın kodu]],Table1[[#All],[Malın kodu]],Table1[[#All],[Malın adı]],"xəta",0)} -> Kağız / A4 / 80qr / 500 vərəq / "Assis" | E1032: 0001051 | F1032: ədəd | G1032: 2 | H1032: 5.9 | I1032: =Table4[[#This Row],[Malın miqdarı]]*Table4[[#This Row],[Vahidin qiyməti]] -> 11.8 | J1032: Nağd | K1032: Bazar | L1032: =_xlfn.XLOOKUP(Table4[[#This Row],[Kontragentin adı]],Table2[Kontragentin adı],Table2[Müqavilə nömrəsi],"Xəta",0) -> 0 | M1032: =_xlfn.XLOOKUP(Table4[[#This Row],[Kontragentin adı]],Table2[Kontragentin adı],Table2[Müqavilə nömrəsi],"Xəta",0) -> 0
B1033: =ROW()-3 -> 1030 | C1033: 46185 | D1033: {=_xlfn.XLOOKUP(Table4[[#This Row],[Malın kodu]],Table1[[#All],[Malın kodu]],Table1[[#All],[Malın adı]],"xəta",0)} -> Sim / stepler üçün / 58mm / 24/6 / (1000 əd) | E1033: 0001052 | F1033: ədəd | G1033: 1 | H1033: 0.5 | I1033: =Table4[[#This Row],[Malın miqdarı]]*Table4[[#This Row],[Vahidin qiyməti]] -> 0.5 | J1033: Nağd | K1033: Bazar | L1033: =_xlfn.XLOOKUP(Table4[[#This Row],[Kontragentin adı]],Table2[Kontragentin adı],Table2[Müqavilə nömrəsi],"Xəta",0) -> 0 | M1033: =_xlfn.XLOOKUP(Table4[[#This Row],[Kontragentin adı]],Table2[Kontragentin adı],Table2[Müqavilə nömrəsi],"Xəta",0) -> 0
B1034: =ROW()-3 -> 1031 | C1034: 46186 | D1034: {=_xlfn.XLOOKUP(Table4[[#This Row],[Malın kodu]],Table1[[#All],[Malın kodu]],Table1[[#All],[Malın adı]],"xəta",0)} -> Çay / 450qr / "Azərçay" | E1034: 0001063 | F1034: ədəd | G1034: 1 | H1034: 10.99 | I1034: =Table4[[#This Row],[Malın miqdarı]]*Table4[[#This Row],[Vahidin qiyməti]] -> 10.99 | J1034: Nağd | K1034: Bazar | L1034: =_xlfn.XLOOKUP(Table4[[#This Row],[Kontragentin adı]],Table2[Kontragentin adı],Table2[Müqavilə nömrəsi],"Xəta",0) -> 0 | M1034: 87380
B1035: =ROW()-3 -> 1032 | C1035: 46186 | D1035: {=_xlfn.XLOOKUP(Table4[[#This Row],[Malın kodu]],Table1[[#All],[Malın kodu]],Table1[[#All],[Malın adı]],"xəta",0)} -> Qənd / "Azərşəkər" | E1035: 0001064 | F1035: ədəd | G1035: 1 | H1035: 11.76 | I1035: =Table4[[#This Row],[Malın miqdarı]]*Table4[[#This Row],[Vahidin qiyməti]] -> 11.76 | J1035: Nağd | K1035: Bazar | L1035: =_xlfn.XLOOKUP(Table4[[#This Row],[Kontragentin adı]],Table2[Kontragentin adı],Table2[Müqavilə nömrəsi],"Xəta",0) -> 0 | M1035: 87380
B1036: =ROW()-3 -> 1033 | C1036: 46186 | D1036: {=_xlfn.XLOOKUP(Table4[[#This Row],[Malın kodu]],Table1[[#All],[Malın kodu]],Table1[[#All],[Malın adı]],"xəta",0)} -> Qələm / qara / "Assis" | E1036: 0001065 | F1036: ədəd | G1036: 2 | H1036: 0.14 | I1036: =Table4[[#This Row],[Malın miqdarı]]*Table4[[#This Row],[Vahidin qiyməti]] -> 0.28 | J1036: Nağd | K1036: Bazar | L1036: =_xlfn.XLOOKUP(Table4[[#This Row],[Kontragentin adı]],Table2[Kontragentin adı],Table2[Müqavilə nömrəsi],"Xəta",0) -> 0 | M1036: 87380
B1037: =ROW()-3 -> 1034 | C1037: 46186 | D1037: {=_xlfn.XLOOKUP(Table4[[#This Row],[Malın kodu]],Table1[[#All],[Malın kodu]],Table1[[#All],[Malın adı]],"xəta",0)} -> Qələm / qırmızı / "Assis" | E1037: 0001066 | F1037: ədəd | G1037: 1 | H1037: 0.14 | I1037: =Table4[[#This Row],[Malın miqdarı]]*Table4[[#This Row],[Vahidin qiyməti]] -> 0.14 | J1037: Nağd | K1037: Bazar | L1037: =_xlfn.XLOOKUP(Table4[[#This Row],[Kontragentin adı]],Table2[Kontragentin adı],Table2[Müqavilə nömrəsi],"Xəta",0) -> 0 | M1037: 87380
B1038: =ROW()-3 -> 1035 | C1038: 46186 | D1038: {=_xlfn.XLOOKUP(Table4[[#This Row],[Malın kodu]],Table1[[#All],[Malın kodu]],Table1[[#All],[Malın adı]],"xəta",0)} -> Qələm / göy / "Assis" | E1038: 0001067 | F1038: ədəd | G1038: 6 | H1038: 0.17 | I1038: =Table4[[#This Row],[Malın miqdarı]]*Table4[[#This Row],[Vahidin qiyməti]] -> 1.02 | J1038: Nağd | K1038: Bazar | L1038: =_xlfn.XLOOKUP(Table4[[#This Row],[Kontragentin adı]],Table2[Kontragentin adı],Table2[Müqavilə nömrəsi],"Xəta",0) -> 0 | M1038: 87380
B1039: =ROW()-3 -> 1036 | C1039: 46186 | D1039: {=_xlfn.XLOOKUP(Table4[[#This Row],[Malın kodu]],Table1[[#All],[Malın kodu]],Table1[[#All],[Malın adı]],"xəta",0)} -> Qələm / qırmızı / i-9095"Assis" | E1039: 0001068 | F1039: ədəd | G1039: 1 | H1039: 0.21 | I1039: =Table4[[#This Row],[Malın miqdarı]]*Table4[[#This Row],[Vahidin qiyməti]] -> 0.21 | J1039: Nağd | K1039: Bazar | L1039: =_xlfn.XLOOKUP(Table4[[#This Row],[Kontragentin adı]],Table2[Kontragentin adı],Table2[Müqavilə nömrəsi],"Xəta",0) -> 0 | M1039: 87380
B1040: =ROW()-3 -> 1037 | C1040: 46186 | D1040: {=_xlfn.XLOOKUP(Table4[[#This Row],[Malın kodu]],Table1[[#All],[Malın kodu]],Table1[[#All],[Malın adı]],"xəta",0)} -> Batareya / AAA4 / "Varta" / Superlife | E1040: 0001069 | F1040: ədəd | G1040: 1 | H1040: 2.59 | I1040: =Table4[[#This Row],[Malın miqdarı]]*Table4[[#This Row],[Vahidin qiyməti]] -> 2.59 | J1040: Nağd | K1040: Bazar | L1040: =_xlfn.XLOOKUP(Table4[[#This Row],[Kontragentin adı]],Table2[Kontragentin adı],Table2[Müqavilə nömrəsi],"Xəta",0) -> 0 | M1040: 87380
B1041: =ROW()-3 -> 1038 | C1041: 46186 | D1041: {=_xlfn.XLOOKUP(Table4[[#This Row],[Malın kodu]],Table1[[#All],[Malın kodu]],Table1[[#All],[Malın adı]],"xəta",0)} -> Marker / mavi / "Oyal" | E1041: 0001070 | F1041: ədəd | G1041: 10 | H1041: 0.54 | I1041: =Table4[[#This Row],[Malın miqdarı]]*Table4[[#This Row],[Vahidin qiyməti]] -> 5.4 | J1041: Nağd | K1041: Bazar | L1041: =_xlfn.XLOOKUP(Table4[[#This Row],[Kontragentin adı]],Table2[Kontragentin adı],Table2[Müqavilə nömrəsi],"Xəta",0) -> 0 | M1041: 87380
B1042: =ROW()-3 -> 1039 | C1042: 46186 | D1042: {=_xlfn.XLOOKUP(Table4[[#This Row],[Malın kodu]],Table1[[#All],[Malın kodu]],Table1[[#All],[Malın adı]],"xəta",0)} -> Paket / polietilen / extra | E1042: 0001071 | F1042: ədəd | G1042: 1 | H1042: 0.15 | I1042: =Table4[[#This Row],[Malın miqdarı]]*Table4[[#This Row],[Vahidin qiyməti]] -> 0.15 | J1042: Nağd | K1042: Bazar | L1042: =_xlfn.XLOOKUP(Table4[[#This Row],[Kontragentin adı]],Table2[Kontragentin adı],Table2[Müqavilə nömrəsi],"Xəta",0) -> 0 | M1042: 87380
B1043: =ROW()-3 -> 1040 | C1043: 46186 | D1043: {=_xlfn.XLOOKUP(Table4[[#This Row],[Malın kodu]],Table1[[#All],[Malın kodu]],Table1[[#All],[Malın adı]],"xəta",0)} -> Təmizlik bezi / 20 pic. / "Merry" | E1043: 0001072 | F1043: ədəd | G1043: 1 | H1043: 3.53 | I1043: =Table4[[#This Row],[Malın miqdarı]]*Table4[[#This Row],[Vahidin qiyməti]] -> 3.53 | J1043: Nağd | K1043: Bazar | L1043: =_xlfn.XLOOKUP(Table4[[#This Row],[Kontragentin adı]],Table2[Kontragentin adı],Table2[Müqavilə nömrəsi],"Xəta",0) -> 0 | M1043: 87380
B1044: =ROW()-3 -> 1041 | C1044: 46186 | D1044: {=_xlfn.XLOOKUP(Table4[[#This Row],[Malın kodu]],Table1[[#All],[Malın kodu]],Table1[[#All],[Malın adı]],"xəta",0)} -> Zərf / 110x220mm / "İnci" | E1044: 0001073 | F1044: ədəd | G1044: 5 | H1044: 0.09 | I1044: =Table4[[#This Row],[Malın miqdarı]]*Table4[[#This Row],[Vahidin qiyməti]] -> 0.45 | J1044: Nağd | K1044: Bazar | L1044: =_xlfn.XLOOKUP(Table4[[#This Row],[Kontragentin adı]],Table2[Kontragentin adı],Table2[Müqavilə nömrəsi],"Xəta",0) -> 0 | M1044: 87380
B1045: =ROW()-3 -> 1042 | C1045: 46186 | D1045: {=_xlfn.XLOOKUP(Table4[[#This Row],[Malın kodu]],Table1[[#All],[Malın kodu]],Table1[[#All],[Malın adı]],"xəta",0)} -> Paket / polietilen | E1045: 0001074 | F1045: ədəd | G1045: 12 | H1045: 0.07 | I1045: =Table4[[#This Row],[Malın miqdarı]]*Table4[[#This Row],[Vahidin qiyməti]] -> 0.84 | J1045: Nağd | K1045: Bazar | L1045: =_xlfn.XLOOKUP(Table4[[#This Row],[Kontragentin adı]],Table2[Kontragentin adı],Table2[Müqavilə nömrəsi],"Xəta",0) -> 0 | M1045: 87380
B1046: =ROW()-3 -> 1043 | C1046: 46187 | D1046: {=_xlfn.XLOOKUP(Table4[[#This Row],[Malın kodu]],Table1[[#All],[Malın kodu]],Table1[[#All],[Malın adı]],"xəta",0)} -> Jalyuz / parça | E1046: 0001053 | F1046: kvm | G1046: 1.5 | H1046: 20 | I1046: =Table4[[#This Row],[Malın miqdarı]]*Table4[[#This Row],[Vahidin qiyməti]] -> 30 | J1046: Nağd | K1046: Bazar | L1046: =_xlfn.XLOOKUP(Table4[[#This Row],[Kontragentin adı]],Table2[Kontragentin adı],Table2[Müqavilə nömrəsi],"Xəta",0) -> 0 | M1046: 202899
B1047: =ROW()-3 -> 1044 | C1047: 46188 | D1047: {=_xlfn.XLOOKUP(Table4[[#This Row],[Malın kodu]],Table1[[#All],[Malın kodu]],Table1[[#All],[Malın adı]],"xəta",0)} -> Döşək | E1047: 0000915 | F1047: ədəd | G1047: 4 | H1047: 40 | I1047: =Table4[[#This Row],[Malın miqdarı]]*Table4[[#This Row],[Vahidin qiyməti]] -> 160 | J1047: Nağd | K1047: Bazar | L1047: =_xlfn.XLOOKUP(Table4[[#This Row],[Kontragentin adı]],Table2[Kontragentin adı],Table2[Müqavilə nömrəsi],"Xəta",0) -> 0 | M1047: =_xlfn.XLOOKUP(Table4[[#This Row],[Kontragentin adı]],Table2[Kontragentin adı],Table2[Müqavilə nömrəsi],"Xəta",0) -> 0
B1048: =ROW()-3 -> 1045 | C1048: 46188 | D1048: {=_xlfn.XLOOKUP(Table4[[#This Row],[Malın kodu]],Table1[[#All],[Malın kodu]],Table1[[#All],[Malın adı]],"xəta",0)} -> Bolt-qayka / M 20 / L 70 mm | E1048: 0001048 | F1048: kq | G1048: 3.5 | H1048: 5 | I1048: =Table4[[#This Row],[Malın miqdarı]]*Table4[[#This Row],[Vahidin qiyməti]] -> 17.5 | J1048: Nağd | K1048: Bazar | L1048: =_xlfn.XLOOKUP(Table4[[#This Row],[Kontragentin adı]],Table2[Kontragentin adı],Table2[Müqavilə nömrəsi],"Xəta",0) -> 0 | M1048: 41239
B1049: =ROW()-3 -> 1046 | C1049: 46188 | D1049: {=_xlfn.XLOOKUP(Table4[[#This Row],[Malın kodu]],Table1[[#All],[Malın kodu]],Table1[[#All],[Malın adı]],"xəta",0)} -> Bolt / M 10 /L 25 / altıkünc | E1049: 0001049 | F1049: kq | G1049: 1 | H1049: 10 | I1049: =Table4[[#This Row],[Malın miqdarı]]*Table4[[#This Row],[Vahidin qiyməti]] -> 10 | J1049: Nağd | K1049: Bazar | L1049: =_xlfn.XLOOKUP(Table4[[#This Row],[Kontragentin adı]],Table2[Kontragentin adı],Table2[Müqavilə nömrəsi],"Xəta",0) -> 0 | M1049: 41239
B1050: =ROW()-3 -> 1047 | C1050: 46188 | D1050: {=_xlfn.XLOOKUP(Table4[[#This Row],[Malın kodu]],Table1[[#All],[Malın kodu]],Table1[[#All],[Malın adı]],"xəta",0)} -> Pauk / diyircəkli yastıq üçün | E1050: 0001050 | F1050: ədəd | G1050: 4 | H1050: 2 | I1050: =Table4[[#This Row],[Malın miqdarı]]*Table4[[#This Row],[Vahidin qiyməti]] -> 8 | J1050: Nağd | K1050: Bazar | L1050: =_xlfn.XLOOKUP(Table4[[#This Row],[Kontragentin adı]],Table2[Kontragentin adı],Table2[Müqavilə nömrəsi],"Xəta",0) -> 0 | M1050: =_xlfn.XLOOKUP(Table4[[#This Row],[Kontragentin adı]],Table2[Kontragentin adı],Table2[Müqavilə nömrəsi],"Xəta",0) -> 0
B1051: =ROW()-3 -> 1048 | C1051: 46191 | D1051: {=_xlfn.XLOOKUP(Table4[[#This Row],[Malın kodu]],Table1[[#All],[Malın kodu]],Table1[[#All],[Malın adı]],"xəta",0)} -> Laqonda / 180/230/2000Vt / "Dingoi" / JB02401 | E1051: 0000970 | F1051: ədəd | G1051: 1 | H1051: 110 | I1051: =Table4[[#This Row],[Malın miqdarı]]*Table4[[#This Row],[Vahidin qiyməti]] -> 110 | J1051: Köçürmə | K1051: "Eldost İnşaat" | L1051: =_xlfn.XLOOKUP(Table4[[#This Row],[Kontragentin adı]],Table2[Kontragentin adı],Table2[Müqavilə nömrəsi],"Xəta",0) -> №72/2026 | M1051: 79423
B1052: =ROW()-3 -> 1049 | C1052: 46191 | D1052: {=_xlfn.XLOOKUP(Table4[[#This Row],[Malın kodu]],Table1[[#All],[Malın kodu]],Table1[[#All],[Malın adı]],"xəta",0)} -> Laqonda / 125/1220V / "Dingoi" / 101090 | E1052: 0000971 | F1052: ədəd | G1052: 1 | H1052: 60 | I1052: =Table4[[#This Row],[Malın miqdarı]]*Table4[[#This Row],[Vahidin qiyməti]] -> 60 | J1052: Köçürmə | K1052: "Eldost İnşaat" | L1052: =_xlfn.XLOOKUP(Table4[[#This Row],[Kontragentin adı]],Table2[Kontragentin adı],Table2[Müqavilə nömrəsi],"Xəta",0) -> №72/2026 | M1052: 79423
B1053: =ROW()-3 -> 1050 | C1053: 46191 | D1053: {=_xlfn.XLOOKUP(Table4[[#This Row],[Malın kodu]],Table1[[#All],[Malın kodu]],Table1[[#All],[Malın adı]],"xəta",0)} -> Disk / kəsici / d 230 mm / 3.2 / laqonda üçün / "Grassland" | E1053: 0000972 | F1053: ədəd | G1053: 10 | H1053: 2.2 | I1053: =Table4[[#This Row],[Malın miqdarı]]*Table4[[#This Row],[Vahidin qiyməti]] -> 22 | J1053: Köçürmə | K1053: "Eldost İnşaat" | L1053: =_xlfn.XLOOKUP(Table4[[#This Row],[Kontragentin adı]],Table2[Kontragentin adı],Table2[Müqavilə nömrəsi],"Xəta",0) -> №72/2026 | M1053: 79423
B1054: =ROW()-3 -> 1051 | C1054: 46191 | D1054: {=_xlfn.XLOOKUP(Table4[[#This Row],[Malın kodu]],Table1[[#All],[Malın kodu]],Table1[[#All],[Malın adı]],"xəta",0)} -> Disk / kəsici / d 125 mm / 2.5 / laqonda üçün / "Grassland" | E1054: 0000973 | F1054: ədəd | G1054: 10 | H1054: 1.2 | I1054: =Table4[[#This Row],[Malın miqdarı]]*Table4[[#This Row],[Vahidin qiyməti]] -> 12 | J1054: Köçürmə | K1054: "Eldost İnşaat" | L1054: =_xlfn.XLOOKUP(Table4[[#This Row],[Kontragentin adı]],Table2[Kontragentin adı],Table2[Müqavilə nömrəsi],"Xəta",0) -> №72/2026 | M1054: 79423
B1055: =ROW()-3 -> 1052 | C1055: 46191 | D1055: {=_xlfn.XLOOKUP(Table4[[#This Row],[Malın kodu]],Table1[[#All],[Malın kodu]],Table1[[#All],[Malın adı]],"xəta",0)} -> Araba / qaynaqlı BM | E1055: 0000974 | F1055: ədəd | G1055: 1 | H1055: 55 | I1055: =Table4[[#This Row],[Malın miqdarı]]*Table4[[#This Row],[Vahidin qiyməti]] -> 55 | J1055: Köçürmə | K1055: "Eldost İnşaat" | L1055: =_xlfn.XLOOKUP(Table4[[#This Row],[Kontragentin adı]],Table2[Kontragentin adı],Table2[Müqavilə nömrəsi],"Xəta",0) -> №72/2026 | M1055: 79423
B1056: =ROW()-3 -> 1053 | C1056: 46191 | D1056: {=_xlfn.XLOOKUP(Table4[[#This Row],[Malın kodu]],Table1[[#All],[Malın kodu]],Table1[[#All],[Malın adı]],"xəta",0)} -> Vedrə / plastik / 14L / BM | E1056: 0000975 | F1056: ədəd | G1056: 3 | H1056: 2 | I1056: =Table4[[#This Row],[Malın miqdarı]]*Table4[[#This Row],[Vahidin qiyməti]] -> 6 | J1056: Köçürmə | K1056: "Eldost İnşaat" | L1056: =_xlfn.XLOOKUP(Table4[[#This Row],[Kontragentin adı]],Table2[Kontragentin adı],Table2[Müqavilə nömrəsi],"Xəta",0) -> №72/2026 | M1056: 79423
B1057: =ROW()-3 -> 1054 | C1057: 46191 | D1057: {=_xlfn.XLOOKUP(Table4[[#This Row],[Malın kodu]],Table1[[#All],[Malın kodu]],Table1[[#All],[Malın adı]],"xəta",0)} -> Jilet / sarı/ sadə | E1057: 0000976 | F1057: ədəd | G1057: 20 | H1057: 1.5 | I1057: =Table4[[#This Row],[Malın miqdarı]]*Table4[[#This Row],[Vahidin qiyməti]] -> 30 | J1057: Köçürmə | K1057: "Eldost İnşaat" | L1057: =_xlfn.XLOOKUP(Table4[[#This Row],[Kontragentin adı]],Table2[Kontragentin adı],Table2[Müqavilə nömrəsi],"Xəta",0) -> №72/2026 | M1057: 79423
B1058: =ROW()-3 -> 1055 | C1058: 46191 | D1058: {=_xlfn.XLOOKUP(Table4[[#This Row],[Malın kodu]],Table1[[#All],[Malın kodu]],Table1[[#All],[Malın adı]],"xəta",0)} -> Çəkmə / qısa boğaz / 40 / "YDS" | E1058: 0000977 | F1058: cüt | G1058: 2 | H1058: 30 | I1058: =Table4[[#This Row],[Malın miqdarı]]*Table4[[#This Row],[Vahidin qiyməti]] -> 60 | J1058: Köçürmə | K1058: "Eldost İnşaat" | L1058: =_xlfn.XLOOKUP(Table4[[#This Row],[Kontragentin adı]],Table2[Kontragentin adı],Table2[Müqavilə nömrəsi],"Xəta",0) -> №72/2026 | M1058: 79423
B1059: =ROW()-3 -> 1056 | C1059: 46191 | D1059: {=_xlfn.XLOOKUP(Table4[[#This Row],[Malın kodu]],Table1[[#All],[Malın kodu]],Table1[[#All],[Malın adı]],"xəta",0)} -> Çəkmə / qısa boğaz / 44 / "YDS" | E1059: 0000978 | F1059: cüt | G1059: 3 | H1059: 30 | I1059: =Table4[[#This Row],[Malın miqdarı]]*Table4[[#This Row],[Vahidin qiyməti]] -> 90 | J1059: Köçürmə | K1059: "Eldost İnşaat" | L1059: =_xlfn.XLOOKUP(Table4[[#This Row],[Kontragentin adı]],Table2[Kontragentin adı],Table2[Müqavilə nömrəsi],"Xəta",0) -> №72/2026 | M1059: 79423
B1060: =ROW()-3 -> 1057 | C1060: 46191 | D1060: {=_xlfn.XLOOKUP(Table4[[#This Row],[Malın kodu]],Table1[[#All],[Malın kodu]],Table1[[#All],[Malın adı]],"xəta",0)} -> Çəkmə / qısa boğaz / 44 / "YDS" | E1060: 0000978 | F1060: cüt | G1060: 2 | H1060: 30 | I1060: =Table4[[#This Row],[Malın miqdarı]]*Table4[[#This Row],[Vahidin qiyməti]] -> 60 | J1060: Köçürmə | K1060: "Eldost İnşaat" | L1060: =_xlfn.XLOOKUP(Table4[[#This Row],[Kontragentin adı]],Table2[Kontragentin adı],Table2[Müqavilə nömrəsi],"Xəta",0) -> №72/2026 | M1060: 79423
B1061: =ROW()-3 -> 1058 | C1061: 46191 | D1061: {=_xlfn.XLOOKUP(Table4[[#This Row],[Malın kodu]],Table1[[#All],[Malın kodu]],Table1[[#All],[Malın adı]],"xəta",0)} -> Çəkmə / qısa boğaz / 42 / "YDS" | E1061: 0000979 | F1061: cüt | G1061: 6 | H1061: 30 | I1061: =Table4[[#This Row],[Malın miqdarı]]*Table4[[#This Row],[Vahidin qiyməti]] -> 180 | J1061: Köçürmə | K1061: "Eldost İnşaat" | L1061: =_xlfn.XLOOKUP(Table4[[#This Row],[Kontragentin adı]],Table2[Kontragentin adı],Table2[Müqavilə nömrəsi],"Xəta",0) -> №72/2026 | M1061: 79423
B1062: =ROW()-3 -> 1059 | C1062: 46191 | D1062: {=_xlfn.XLOOKUP(Table4[[#This Row],[Malın kodu]],Table1[[#All],[Malın kodu]],Table1[[#All],[Malın adı]],"xəta",0)} -> Çəkmə / qısa boğaz / 43 / "YDS" | E1062: 0000980 | F1062: cüt | G1062: 3 | H1062: 30 | I1062: =Table4[[#This Row],[Malın miqdarı]]*Table4[[#This Row],[Vahidin qiyməti]] -> 90 | J1062: Köçürmə | K1062: "Eldost İnşaat" | L1062: =_xlfn.XLOOKUP(Table4[[#This Row],[Kontragentin adı]],Table2[Kontragentin adı],Table2[Müqavilə nömrəsi],"Xəta",0) -> №72/2026 | M1062: 79423
... B1079: =ROW()-3 -> 1076 | C1079: 46191 | D1079: {=_xlfn.XLOOKUP(Table4[[#This Row],[Malın kodu]],Table1[[#All],[Malın kodu]],Table1[[#All],[Malın adı]],"xəta",0)} -> Əlcək / sarı | E1079: 0000996 | F1079: ədəd | G1079: 20 | H1079: 3.5 | I1079: =Table4[[#This Row],[Malın miqdarı]]*Table4[[#This Row],[Vahidin qiyməti]] -> 70 | J1079: Köçürmə | K1079: "Neq MMC" | L1079: =_xlfn.XLOOKUP(Table4[[#This Row],[Kontragentin adı]],Table2[Kontragentin adı],Table2[Müqavilə nömrəsi],"Xəta",0) -> № 24-060 | M1079: 4775
B1080: =ROW()-3 -> 1077 | C1080: 46191 | D1080: {=_xlfn.XLOOKUP(Table4[[#This Row],[Malın kodu]],Table1[[#All],[Malın kodu]],Table1[[#All],[Malın adı]],"xəta",0)} -> Fırça / N143 (şotka pas qara) | E1080: 0000997 | F1080: ədəd | G1080: 5 | H1080: 0.8 | I1080: =Table4[[#This Row],[Malın miqdarı]]*Table4[[#This Row],[Vahidin qiyməti]] -> 4 | J1080: Köçürmə | K1080: "Neq MMC" | L1080: № 24-060 | M1080: 4775
B1081: =ROW()-3 -> 1078 | C1081: 46191 | D1081: {=_xlfn.XLOOKUP(Table4[[#This Row],[Malın kodu]],Table1[[#All],[Malın kodu]],Table1[[#All],[Malın adı]],"xəta",0)} -> Yiyə / üçkünc / böyük | E1081: 0000998 | F1081: ədəd | G1081: 4 | H1081: 1 | I1081: =Table4[[#This Row],[Malın miqdarı]]*Table4[[#This Row],[Vahidin qiyməti]] -> 4 | J1081: Köçürmə | K1081: "Neq MMC" | L1081: =_xlfn.XLOOKUP(Table4[[#This Row],[Kontragentin adı]],Table2[Kontragentin adı],Table2[Müqavilə nömrəsi],"Xəta",0) -> № 24-060 | M1081: 4775
B1082: =ROW()-3 -> 1079 | C1082: 46191 | D1082: {=_xlfn.XLOOKUP(Table4[[#This Row],[Malın kodu]],Table1[[#All],[Malın kodu]],Table1[[#All],[Malın adı]],"xəta",0)} -> Yiyə / yastı / böyük | E1082: 0000999 | F1082: ədəd | G1082: 2 | H1082: 1.2 | I1082: =Table4[[#This Row],[Malın miqdarı]]*Table4[[#This Row],[Vahidin qiyməti]] -> 2.4 | J1082: Köçürmə | K1082: "Neq MMC" | L1082: =_xlfn.XLOOKUP(Table4[[#This Row],[Kontragentin adı]],Table2[Kontragentin adı],Table2[Müqavilə nömrəsi],"Xəta",0) -> № 24-060 | M1082: 4775
B1083: =ROW()-3 -> 1080 | C1083: 46191 | D1083: {=_xlfn.XLOOKUP(Table4[[#This Row],[Malın kodu]],Table1[[#All],[Malın kodu]],Table1[[#All],[Malın adı]],"xəta",0)} -> Fırça / 2-lik / (kist) | E1083: 0001000 | F1083: ədəd | G1083: 3 | H1083: 0.7 | I1083: =Table4[[#This Row],[Malın miqdarı]]*Table4[[#This Row],[Vahidin qiyməti]] -> 2.1 | J1083: Köçürmə | K1083: "Neq MMC" | L1083: =_xlfn.XLOOKUP(Table4[[#This Row],[Kontragentin adı]],Table2[Kontragentin adı],Table2[Müqavilə nömrəsi],"Xəta",0) -> № 24-060 | M1083: 4775
B1084: =ROW()-3 -> 1081 | C1084: 46191 | D1084: {=_xlfn.XLOOKUP(Table4[[#This Row],[Malın kodu]],Table1[[#All],[Malın kodu]],Table1[[#All],[Malın adı]],"xəta",0)} -> Fırça / 4-lik / (kist) | E1084: 0001001 | F1084: ədəd | G1084: 3 | H1084: 1.3 | I1084: =Table4[[#This Row],[Malın miqdarı]]*Table4[[#This Row],[Vahidin qiyməti]] -> 3.9 | J1084: Köçürmə | K1084: "Neq MMC" | L1084: =_xlfn.XLOOKUP(Table4[[#This Row],[Kontragentin adı]],Table2[Kontragentin adı],Table2[Müqavilə nömrəsi],"Xəta",0) -> № 24-060 | M1084: 4775
B1085: =ROW()-3 -> 1082 | C1085: 46191 | D1085: {=_xlfn.XLOOKUP(Table4[[#This Row],[Malın kodu]],Table1[[#All],[Malın kodu]],Table1[[#All],[Malın adı]],"xəta",0)} -> Əlcək / qaynaqçı | E1085: 0001002 | F1085: cüt | G1085: 1 | H1085: 4 | I1085: =Table4[[#This Row],[Malın miqdarı]]*Table4[[#This Row],[Vahidin qiyməti]] -> 4 | J1085: Köçürmə | K1085: "Neq MMC" | L1085: =_xlfn.XLOOKUP(Table4[[#This Row],[Kontragentin adı]],Table2[Kontragentin adı],Table2[Müqavilə nömrəsi],"Xəta",0) -> № 24-060 | M1085: 4775
B1086: =ROW()-3 -> 1083 | C1086: 46191 | D1086: {=_xlfn.XLOOKUP(Table4[[#This Row],[Malın kodu]],Table1[[#All],[Malın kodu]],Table1[[#All],[Malın adı]],"xəta",0)} -> Elektrik uzadıcı / 5 metr | E1086: 0001003 | F1086: ədəd | G1086: 1 | H1086: 6 | I1086: =Table4[[#This Row],[Malın miqdarı]]*Table4[[#This Row],[Vahidin qiyməti]] -> 6 | J1086: Köçürmə | K1086: "Neq MMC" | L1086: =_xlfn.XLOOKUP(Table4[[#This Row],[Kontragentin adı]],Table2[Kontragentin adı],Table2[Müqavilə nömrəsi],"Xəta",0) -> № 24-060 | M1086: 4775
B1087: =ROW()-3 -> 1084 | C1087: 46191 | D1087: {=_xlfn.XLOOKUP(Table4[[#This Row],[Malın kodu]],Table1[[#All],[Malın kodu]],Table1[[#All],[Malın adı]],"xəta",0)} -> Boya / sintetik / parlaq / boz / 2.5 kq / "FAB" | E1087: 0001004 | F1087: ədəd | G1087: 2 | H1087: 19.15 | I1087: =Table4[[#This Row],[Malın miqdarı]]*Table4[[#This Row],[Vahidin qiyməti]] -> 38.3 | J1087: Köçürmə | K1087: "OMİD" | L1087: =_xlfn.XLOOKUP(Table4[[#This Row],[Kontragentin adı]],Table2[Kontragentin adı],Table2[Müqavilə nömrəsi],"Xəta",0) -> 0 | M1087: D18-T20260617-181-S173624
B1088: =ROW()-3 -> 1085 | C1088: 46191 | D1088: {=_xlfn.XLOOKUP(Table4[[#This Row],[Malın kodu]],Table1[[#All],[Malın kodu]],Table1[[#All],[Malın adı]],"xəta",0)} -> Boya / sintetik / parlaq / qırmızı / 2.5 kq / "FAB" | E1088: 0001005 | F1088: ədəd | G1088: 1 | H1088: 19.15 | I1088: =Table4[[#This Row],[Malın miqdarı]]*Table4[[#This Row],[Vahidin qiyməti]] -> 19.15 | J1088: Köçürmə | K1088: "OMİD" | L1088: =_xlfn.XLOOKUP(Table4[[#This Row],[Kontragentin adı]],Table2[Kontragentin adı],Table2[Müqavilə nömrəsi],"Xəta",0) -> 0 | M1088: D18-T20260617-181-S173624
B1089: =ROW()-3 -> 1086 | C1089: 46191 | D1089: {=_xlfn.XLOOKUP(Table4[[#This Row],[Malın kodu]],Table1[[#All],[Malın kodu]],Table1[[#All],[Malın adı]],"xəta",0)} -> Boya / sintetik / antipas / boz / 23.5 kq / "FAB" | E1089: 0001006 | F1089: ədəd | G1089: 2 | H1089: 81.44 | I1089: =Table4[[#This Row],[Malın miqdarı]]*Table4[[#This Row],[Vahidin qiyməti]] -> 162.88 | J1089: Köçürmə | K1089: "OMİD" | L1089: =_xlfn.XLOOKUP(Table4[[#This Row],[Kontragentin adı]],Table2[Kontragentin adı],Table2[Müqavilə nömrəsi],"Xəta",0) -> 0 | M1089: D18-T20260617-181-S173624
B1090: =ROW()-3 -> 1087 | C1090: 46191 | D1090: {=_xlfn.XLOOKUP(Table4[[#This Row],[Malın kodu]],Table1[[#All],[Malın kodu]],Table1[[#All],[Malın adı]],"xəta",0)} -> Boya / sintetik / parlaq / ağ / 2.5 kq / "FAB" | E1090: 0001007 | F1090: ədəd | G1090: 2 | H1090: 20.34 | I1090: =Table4[[#This Row],[Malın miqdarı]]*Table4[[#This Row],[Vahidin qiyməti]] -> 40.68 | J1090: Köçürmə | K1090: "OMİD" | L1090: =_xlfn.XLOOKUP(Table4[[#This Row],[Kontragentin adı]],Table2[Kontragentin adı],Table2[Müqavilə nömrəsi],"Xəta",0) -> 0 | M1090: D18-T20260617-181-S173624
...

Sheet Hesabat Anbar
A3: Anbar adı | B3: Malın adı | C3: Malın kodu | D3: Giriş miqdarı | E3: Çıxış miqdarı | F3: Anbar qalığı
A4: Astara | B4: Yağ / transmissiya / 80 W 90 / API GL-5 / 20Litr / "ALPINE" Almaniya istehsalı | C4: 0000430 | D4: 1 | E4: 0 | F4: 1
A5: Astara | B5: Ucluq / mis / DT95 | C5: 0001059 | D5: 20 | E5: 0 | F5: 20
A6: Astara | B6: Tesar/Victaulic bağlantı | C6: 0001144 | D6: 1 | E6: 0 | F6: 1
A7: Astara | B7: TAYRAP / 5x250 / QARA | C7: 0001058 | D7: 10 | E7: 0 | F7: 10
A8: Astara | B8: Su tərəzisi | C8: 0000344 | D8: 1 | E8: 0 | F8: 1
A9: Astara | B9: Su pompası / dalğıc | C9: 0000333 | D9: 1 | E9: 0 | F9: 1
A10: Astara | B10: Su pompası / d 76mm / 6.6 kVt / H 28metr / "Grindex" / 0940147 | C10: 0001231 | D10: 1 | E10: 0 | F10: 1
A11: Astara | B11: Siyirtmə /d 110mm / kürəvi | C11: 0001143 | D11: 1 | E11: 0 | F11: 1
A12: Astara | B12: Projektor / led / 100 Vt / mini | C12: 0001061 | D12: 10 | E12: 0 | F12: 10
A13: Astara | B13: Printer / ağ-qara / skaner ilə / "Epson" / L3251 / Filippin istehsalı | C13: 0000160 | D13: 1 | E13: 0 | F13: 1
A14: Astara | B14: Press 120 | C14: 0001060 | D14: 1 | E14: 0 | F14: 1
A15: Astara | B15: Potric uzatma prizi / 5x32A / 225 | C15: 0001054 | D15: 20 | E15: 0 | F15: 20
... A1332: Xocahəsən | B1332: Açar / krokodil tipli | C1332: 0001202 | D1332: 1 | E1332: 0 | F1332: 1

Sheet Hesabat Filtrasiya
A1: Row Labels | B1: Sum of Malın miqdarı | C1: Sum of Ümumi məbləğ
A2: Anbar qalığı | B2: 8346.75 | C2: 0
A3: Əvvələ qalıq | B3: 8346.75 | C3: 0
A4: "Oyal" MMC | B4: 15 | C4: 38.3
A5: Nağd | B5: 15 | C5: 38.3
A6: "PROCOMP" MMC | B6: 3 | C6: 1834.3
A7: Köçürmə | B7: 3 | C7: 1834.3
A8: "Amper Elektrik" | B8: 367 | C8: 2657.89
A9: Köçürmə | B9: 366 | C9: 2595.89
A10: Nağd | B10: 1 | C10: 62
A11: "Eldost İnşaat" | B11: 98 | C11: 1383.5
A12: "Neq MMC" | B12: 674 | C12: 2145.25
A13: "OMİD" | B13: 19 | C13: 469.39
... A32: Grand Total | B32: 11157.25 | C32: 56917.39

Sheet Ələt (Anbar)
B3: № | C3: Tarix | D3: Malın kodu | E3: Malın adı | F3: Giriş miqdarı | G3: Çıxış miqdarı | H3: Növü | I3: Kontragentin / Layihənin adı
B4: =ROW()-3 -> 1 | C4: 46148 | D4: 0001039 | E4: =_xlfn.XLOOKUP(Table7[[#This Row],[Malın kodu]],Table4[Malın kodu],Table4[Malın adı],"Xəta",0) -> Qıfıl / VAZ | F4: 3 | H4: Satınalma | I4: Kommersiya şirkəti
B5: =ROW()-3 -> 2 | C5: 46148 | D5: 0001040 | E5: =_xlfn.XLOOKUP(Table7[[#This Row],[Malın kodu]],Table4[Malın kodu],Table4[Malın adı],"Xəta",0) -> Qıfıl / Extra 70 | F5: 2 | H5: Satınalma | I5: Kommersiya şirkəti
B6: =ROW()-3 -> 3 | C6: 46148 | D6: 0001041 | E6: =_xlfn.XLOOKUP(Table7[[#This Row],[Malın kodu]],Table4[Malın kodu],Table4[Malın adı],"Xəta",0) -> Projektor / led / 200 Vt | F6: 3 | H6: Satınalma | I6: Kommersiya şirkəti
B7: =ROW()-3 -> 4 | C7: 46148 | D7: 0001042 | E7: =_xlfn.XLOOKUP(Table7[[#This Row],[Malın kodu]],Table4[Malın kodu],Table4[Malın adı],"Xəta",0) -> Lampa / 12 Vt / ağ / kürəvi | F7: 10 | H7: Satınalma | I7: Kommersiya şirkəti
B8: =ROW()-3 -> 5 | C8: 46148 | D8: 0001043 | E8: =_xlfn.XLOOKUP(Table7[[#This Row],[Malın kodu]],Table4[Malın kodu],Table4[Malın adı],"Xəta",0) -> Əlcək / göy | F8: 2 | H8: Satınalma | I8: Kommersiya şirkəti
B9: =ROW()-3 -> 6 | C9: 46148 | D9: 0001044 | E9: =_xlfn.XLOOKUP(Table7[[#This Row],[Malın kodu]],Table4[Malın kodu],Table4[Malın adı],"Xəta",0) -> Metrə / 10m / "Fisko" / N88 | F9: 1 | H9: Satınalma | I9: Kommersiya şirkəti
B10: =ROW()-3 -> 7 | C10: 46148 | D10: 0001045 | E10: =_xlfn.XLOOKUP(Table7[[#This Row],[Malın kodu]],Table4[Malın kodu],Table4[Malın adı],"Xəta",0) -> Araba təkəri | F10: 1 | H10: Satınalma | I10: Kommersiya şirkəti
B11: =ROW()-3 -> 8 | C11: 46174 | D11: 0000001 | E11: =_xlfn.XLOOKUP(Table7[[#This Row],[Malın kodu]],Table4[Malın kodu],Table4[Malın adı],"Xəta",0) -> Filtr/ yağ/ ZP3375 MG/ "FİL"/Türkiyə istehsalı | F11: 1 | H11: Əvvələ qalıq | I11: Əvvələ anbar qalığı
B12: =ROW()-3 -> 9 | C12: 46174 | D12: 0000002 | E12: =_xlfn.XLOOKUP(Table7[[#This Row],[Malın kodu]],Table4[Malın kodu],Table4[Malın adı],"Xəta",0) -> Filtr/ yağ/ ZP520/ "FİL"/Türkiyə istehsalı | F12: 1 | H12: Əvvələ qalıq | I12: Əvvələ anbar qalığı
B13: =ROW()-3 -> 10 | C13: 46174 | D13: 0000003 | E13: =_xlfn.XLOOKUP(Table7[[#This Row],[Malın kodu]],Table4[Malın kodu],Table4[Malın adı],"Xəta",0) -> Kabel qoruyucu gövdə / alüminium / kontaktor üçün | F13: 17 | H13: Əvvələ qalıq | I13: Əvvələ anbar qalığı
B14: =ROW()-3 -> 11 | C14: 46174 | D14: 0000004 | E14: =_xlfn.XLOOKUP(Table7[[#This Row],[Malın kodu]],Table4[Malın kodu],Table4[Malın adı],"Xəta",0) -> Gərginlik sabitləşdiricisi / 1 faza / "ANDELİ" / SVC-200000VA | F14: 1 | H14: Əvvələ qalıq | I14: Əvvələ anbar qalığı
B15: =ROW()-3 -> 12 | C15: 46174 | D15: 0000005 | E15: =_xlfn.XLOOKUP(Table7[[#This Row],[Malın kodu]],Table4[Malın kodu],Table4[Malın adı],"Xəta",0) -> Elektrik lövhə / 550x800mm / metal | F15: 1 | H15: Əvvələ qalıq | I15: Əvvələ anbar qalığı
... B532: =ROW()-3 -> 529 | C532: 46174 | D532: 0000522 | E532: =_xlfn.XLOOKUP(Table7[[#This Row],[Malın kodu]],Table4[Malın kodu],Table4[Malın adı],"Xəta",0) -> Lobzik / elektrik / 500 Vt / GST700 | F532: 1 | H532: Əvvələ qalıq | I532: Əvvələ anbar qalığı
B533: =ROW()-3 -> 530 | C533: 46174 | D533: 0000523 | E533: =_xlfn.XLOOKUP(Table7[[#This Row],[Malın kodu]],Table4[Malın kodu],Table4[Malın adı],"Xəta",0) -> Xəta | H533: Əvvələ qalıq | I533: Əvvələ anbar qalığı
B534: =ROW()-3 -> 531 | C534: 46174 | D534: 0000524 | E534: =_xlfn.XLOOKUP(Table7[[#This Row],[Malın kodu]],Table4[Malın kodu],Table4[Malın adı],"Xəta",0) -> Keçid / d 250 x 280 mm / polietilen / "NTG" / Türkiyə istehsalı | F534: 1 | H534: Əvvələ qalıq | I534: Əvvələ anbar qalığı
B535: =ROW()-3 -> 532 | C535: 46174 | D535: 0000525 | E535: =_xlfn.XLOOKUP(Table7[[#This Row],[Malın kodu]],Table4[Malın kodu],Table4[Malın adı],"Xəta",0) -> Keçid / d 250 x 315 mm / polietilen / "NTG" / Türkiyə istehsalı | F535: 1 | H535: Əvvələ qalıq | I535: Əvvələ anbar qalığı
B536: =ROW()-3 -> 533 | C536: 46174 | D536: 0000526 | E536: =_xlfn.XLOOKUP(Table7[[#This Row],[Malın kodu]],Table4[Malın kodu],Table4[Malın adı],"Xəta",0) -> Dirsək (Угол) / d 350 mm / polietilen / 45° | F536: 1 | H536: Əvvələ qalıq | I536: Əvvələ anbar qalığı
B537: =ROW()-3 -> 534 | C537: 46174 | D537: 0000527 | E537: =_xlfn.XLOOKUP(Table7[[#This Row],[Malın kodu]],Table4[Malın kodu],Table4[Malın adı],"Xəta",0) -> Keçid / d 160 x 280 mm / polietilen | F537: 2 | H537: Əvvələ qalıq | I537: Əvvələ anbar qalığı
B538: =ROW()-3 -> 535 | C538: 46174 | D538: 0000528 | E538: =_xlfn.XLOOKUP(Table7[[#This Row],[Malın kodu]],Table4[Malın kodu],Table4[Malın adı],"Xəta",0) -> Üçlük / d 200 x 280 mm / polietilen | F538: 2 | H538: Əvvələ qalıq | I538: Əvvələ anbar qalığı
B539: =ROW()-3 -> 536 | C539: 46174 | D539: 0000529 | E539: =_xlfn.XLOOKUP(Table7[[#This Row],[Malın kodu]],Table4[Malın kodu],Table4[Malın adı],"Xəta",0) -> Üçlük / d 160 x 225 mm / polietilen | F539: 1 | H539: Əvvələ qalıq | I539: Əvvələ anbar qalığı
B540: =ROW()-3 -> 537 | C540: 46174 | D540: 0000530 | E540: =_xlfn.XLOOKUP(Table7[[#This Row],[Malın kodu]],Table4[Malın kodu],Table4[Malın adı],"Xəta",0) -> Dirsək / d 180 mm / polietilen / 45° / "Borfit" / Türkiyə istehsalı | F540: 1 | H540: Əvvələ qalıq | I540: Əvvələ anbar qalığı
B541: =ROW()-3 -> 538 | C541: 46174 | D541: 0000531 | E541: =_xlfn.XLOOKUP(Table7[[#This Row],[Malın kodu]],Table4[Malın kodu],Table4[Malın adı],"Xəta",0) -> Adaptor / d 110 mm / polietilen / "Borfit" / Türkiyə istehsalı | F541: 3 | H541: Əvvələ qalıq | I541: Əvvələ anbar qalığı
B542: =ROW()-3 -> 539 | C542: 46174 | D542: 0000532 | E542: =_xlfn.XLOOKUP(Table7[[#This Row],[Malın kodu]],Table4[Malın kodu],Table4[Malın adı],"Xəta",0) -> Üçlük / d 160 x 710 mm / polietilen / "Borfit" / Türkiyə istehsalı | F542: 1 | H542: Əvvələ qalıq | I542: Əvvələ anbar qalığı
B543: =ROW()-3 -> 540 | C543: 46174 | D543: 0000533 | E543: =_xlfn.XLOOKUP(Table7[[#This Row],[Malın kodu]],Table4[Malın kodu],Table4[Malın adı],"Xəta",0) -> Üçlük / d 110 x 160 mm / polietilen / "Borfit" / Türkiyə istehsalı | F543: 1 | H543: Əvvələ qalıq | I543: Əvvələ anbar qalığı
B544: =ROW()-3 -> 541 | C544: 46174 | D544: 0000534 | E544: =_xlfn.XLOOKUP(Table7[[#This Row],[Malın kodu]],Table4[Malın kodu],Table4[Malın adı],"Xəta",0) -> Qapaq / d 280 mm / polietilen / "Borfit" / Türkiyə istehsalı | F544: 1 | H544: Əvvələ qalıq | I544: Əvvələ anbar qalığı
B545: =ROW()-3 -> 542 | C545: 46174 | D545: 0000535 | E545: =_xlfn.XLOOKUP(Table7[[#This Row],[Malın kodu]],Table4[Malın kodu],Table4[Malın adı],"Xəta",0) -> Qapaq / d 160 mm / polietilen / "Borfit" / Türkiyə istehsalı | F545: 3 | H545: Əvvələ qalıq | I545: Əvvələ anbar qalığı
... B674: =ROW()-3 -> 671 | C674: 46174 | D674: 0000664 | E674: =_xlfn.XLOOKUP(Table7[[#This Row],[Malın kodu]],Table4[Malın kodu],Table4[Malın adı],"Xəta",0) -> Qapaq / flyanslı / metal / 605x20mm | F674: 5 | H674: Əvvələ qalıq | I674: Əvvələ anbar qalığı
B675: =ROW()-3 -> 672 | C675: 46174 | D675: 0000665 | E675: =_xlfn.XLOOKUP(Table7[[#This Row],[Malın kodu]],Table4[Malın kodu],Table4[Malın adı],"Xəta",0) -> Xəta | H675: Əvvələ qalıq | I675: Əvvələ anbar qalığı
B676: =ROW()-3 -> 673 | C676: 46174 | D676: 0000666 | E676: =_xlfn.XLOOKUP(Table7[[#This Row],[Malın kodu]],Table4[Malın kodu],Table4[Malın adı],"Xəta",0) -> Servis birləşməsi / elektrofizyon / d 110 x 32 mm / "Borfit" / Türkiyə istehsalı | F676: 107 | H676: Əvvələ qalıq | I676: Əvvələ anbar qalığı
B677: =ROW()-3 -> 674 | C677: 46174 | D677: 0000667 | E677: =_xlfn.XLOOKUP(Table7[[#This Row],[Malın kodu]],Table4[Malın kodu],Table4[Malın adı],"Xəta",0) -> Servis birləşməsi / elektrofizyon / d 110 x 40 mm / "Borfit" / Türkiyə istehsalı | F677: 22 | H677: Əvvələ qalıq | I677: Əvvələ anbar qalığı
B678: =ROW()-3 -> 675 | C678: 46174 | D678: 0000668 | E678: =_xlfn.XLOOKUP(Table7[[#This Row],[Malın kodu]],Table4[Malın kodu],Table4[Malın adı],"Xəta",0) -> Servis birləşməsi / elektrofizyon / d 110 x 63 mm / "Borfit" / Türkiyə istehsalı | F678: 6 | H678: Əvvələ qalıq | I678: Əvvələ anbar qalığı
B679: =ROW()-3 -> 676 | C679: 46174 | D679: 0000669 | E679: =_xlfn.XLOOKUP(Table7[[#This Row],[Malın kodu]],Table4[Malın kodu],Table4[Malın adı],"Xəta",0) -> Servis birləşməsi / elektrofizyon / d 63 x 280 mm / "Borfit" / Türkiyə istehsalı | F679: 1 | H679: Əvvələ qalıq | I679: Əvvələ anbar qalığı
B680: =ROW()-3 -> 677 | C680: 46174 | D680: 0000670 | E680: =_xlfn.XLOOKUP(Table7[[#This Row],[Malın kodu]],Table4[Malın kodu],Table4[Malın adı],"Xəta",0) -> Servis birləşməsi / elektrofizyon / d 40 x 280 mm / "Borfit" / Türkiyə istehsalı | F680: 1 | H680: Əvvələ qalıq | I680: Əvvələ anbar qalığı
B681: =ROW()-3 -> 678 | C681: 46174 | D681: 0000671 | E681: =_xlfn.XLOOKUP(Table7[[#This Row],[Malın kodu]],Table4[Malın kodu],Table4[Malın adı],"Xəta",0) -> Servis birləşməsi / elektrofizyon / d 32 x 90 mm / "Borfit" / Türkiyə istehsalı | F681: 1 | H681: Əvvələ qalıq | I681: Əvvələ anbar qalığı
B682: =ROW()-3 -> 679 | C682: 46174 | D682: 0000672 | E682: =_xlfn.XLOOKUP(Table7[[#This Row],[Malın kodu]],Table4[Malın kodu],Table4[Malın adı],"Xəta",0) -> Servis birləşməsi / elektrofizyon / d 32 x 63 mm / "Borfit" / Türkiyə istehsalı | F682: 4 | H682: Əvvələ qalıq | I682: Əvvələ anbar qalığı
B683: =ROW()-3 -> 680 | C683: 46174 | D683: 0000673 | E683: =_xlfn.XLOOKUP(Table7[[#This Row],[Malın kodu]],Table4[Malın kodu],Table4[Malın adı],"Xəta",0) -> Servis birləşməsi / elektrofizyon / d 40 x 63 mm / "Borfit" / Türkiyə istehsalı | F683: 3 | H683: Əvvələ qalıq | I683: Əvvələ anbar qalığı
B684: =ROW()-3 -> 681 | C684: 46174 | D684: 0000674 | E684: =_xlfn.XLOOKUP(Table7[[#This Row],[Malın kodu]],Table4[Malın kodu],Table4[Malın adı],"Xəta",0) -> Servis birləşməsi / elektrofizyon / d 40 x 90 mm / "Borfit" / Türkiyə istehsalı | F684: 2 | H684: Əvvələ qalıq | I684: Əvvələ anbar qalığı
B685: =ROW()-3 -> 682 | C685: 46174 | D685: 0000675 | E685: =_xlfn.XLOOKUP(Table7[[#This Row],[Malın kodu]],Table4[Malın kodu],Table4[Malın adı],"Xəta",0) -> Servis birləşməsi / elektrofizyon / d 32 x 40 mm / "TEGA" / Türkiyə istehsalı | F685: 2 | H685: Əvvələ qalıq | I685: Əvvələ anbar qalığı
B686: =ROW()-3 -> 683 | C686: 46174 | D686: 0000676 | E686: =_xlfn.XLOOKUP(Table7[[#This Row],[Malın kodu]],Table4[Malın kodu],Table4[Malın adı],"Xəta",0) -> Dirsək / d 110 mm / polietilen / 90° | F686: 17 | H686: Əvvələ qalıq | I686: Əvvələ anbar qalığı
B687: =ROW()-3 -> 684 | C687: 46174 | D687: 0000677 | E687: =_xlfn.XLOOKUP(Table7[[#This Row],[Malın kodu]],Table4[Malın kodu],Table4[Malın adı],"Xəta",0) -> Dirsək / d 180 mm / polietilen / 90° | F687: 2 | H687: Əvvələ qalıq | I687: Əvvələ anbar qalığı
... B772: =ROW()-3 -> 769 | C772: 46174 | D772: 0000762 | E772: =_xlfn.XLOOKUP(Table7[[#This Row],[Malın kodu]],Table4[Malın kodu],Table4[Malın adı],"Xəta",0) -> Şlanq / beton vibratoru üçün / metal başlıqlı | F772: 10 | H772: Əvvələ qalıq | I772: Əvvələ anbar qalığı
B773: =ROW()-3 -> 770 | C773: 46174 | D773: 0000763 | E773: =_xlfn.XLOOKUP(Table7[[#This Row],[Malın kodu]],Table4[Malın kodu],Table4[Malın adı],"Xəta",0) -> Xəta | H773: Əvvələ qalıq | I773: Əvvələ anbar qalığı
B774: =ROW()-3 -> 771 | C774: 46174 | D774: 0000764 | E774: =_xlfn.XLOOKUP(Table7[[#This Row],[Malın kodu]],Table4[Malın kodu],Table4[Malın adı],"Xəta",0) -> Təkər / 315/80/22.5 R / "Pirelli" / FR25 | F774: 1 | H774: Əvvələ qalıq | I774: Əvvələ anbar qalığı
B775: =ROW()-3 -> 772 | C775: 46174 | D775: 0000765 | E775: =_xlfn.XLOOKUP(Table7[[#This Row],[Malın kodu]],Table4[Malın kodu],Table4[Malın adı],"Xəta",0) -> Kabel / 4x2.5 mm² / 300/500 / H05VV-F / "Astel" / Türkiyə istehsalı | F775: 1 | H775: Əvvələ qalıq | I775: Əvvələ anbar qalığı
B776: =ROW()-3 -> 773 | C776: 46174 | D776: 0000766 | E776: =_xlfn.XLOOKUP(Table7[[#This Row],[Malın kodu]],Table4[Malın kodu],Table4[Malın adı],"Xəta",0) -> Elektrik mühərrik | F776: 1 | H776: Əvvələ qalıq | I776: Əvvələ anbar qalığı
B777: =ROW()-3 -> 774 | C777: 46174 | D777: 0000767 | E777: =_xlfn.XLOOKUP(Table7[[#This Row],[Malın kodu]],Table4[Malın kodu],Table4[Malın adı],"Xəta",0) -> Qaynaq elektrodu / 4.0 x 350 mm / 5 kq / 578 | F777: 1 | H777: Əvvələ qalıq | I777: Əvvələ anbar qalığı
B778: =ROW()-3 -> 775 | C778: 46174 | D778: 0000768 | E778: =_xlfn.XLOOKUP(Table7[[#This Row],[Malın kodu]],Table4[Malın kodu],Table4[Malın adı],"Xəta",0) -> Perforator / "Bosch" | F778: 1 | H778: Əvvələ qalıq | I778: Əvvələ anbar qalığı
B779: =ROW()-3 -> 776 | C779: 46174 | D779: 0000769 | E779: =_xlfn.XLOOKUP(Table7[[#This Row],[Malın kodu]],Table4[Malın kodu],Table4[Malın adı],"Xəta",0) -> Metal hissələr / ağır texnika üçün | F779: 4 | H779: Əvvələ qalıq | I779: Əvvələ anbar qalığı
B780: =ROW()-3 -> 777 | C780: 46174 | D780: 0000770 | E780: =_xlfn.XLOOKUP(Table7[[#This Row],[Malın kodu]],Table4[Malın kodu],Table4[Malın adı],"Xəta",0) -> Boya / parlaq emal / 2.5 litr | F780: 1 | H780: Əvvələ qalıq | I780: Əvvələ anbar qalığı
B781: =ROW()-3 -> 778 | C781: 46174 | D781: 0000771 | E781: =_xlfn.XLOOKUP(Table7[[#This Row],[Malın kodu]],Table4[Malın kodu],Table4[Malın adı],"Xəta",0) -> Kürək / saplı | F781: 1 | H781: Əvvələ qalıq | I781: Əvvələ anbar qalığı
B782: =ROW()-3 -> 779 | C782: 46174 | D782: 0000772 | E782: =_xlfn.XLOOKUP(Table7[[#This Row],[Malın kodu]],Table4[Malın kodu],Table4[Malın adı],"Xəta",0) -> Ankerbolt / L şəkilli | F782: 1 | H782: Əvvələ qalıq | I782: Əvvələ anbar qalığı
B783: =ROW()-3 -> 780 | C783: 46174 | D783: 0000773 | E783: =_xlfn.XLOOKUP(Table7[[#This Row],[Malın kodu]],Table4[Malın kodu],Table4[Malın adı],"Xəta",0) -> Tıxaç / şurup üçün / plastik | F783: 1 | H783: Əvvələ qalıq | I783: Əvvələ anbar qalığı
B784: =ROW()-3 -> 781 | C784: 46174 | D784: 0000774 | E784: =_xlfn.XLOOKUP(Table7[[#This Row],[Malın kodu]],Table4[Malın kodu],Table4[Malın adı],"Xəta",0) -> Mufta / elektrofuzion / d 90 mm / polietilen / "Borfit" / Türkiyə istehsalı | F784: 10 | H784: Əvvələ qalıq | I784: Əvvələ anbar qalığı
B785: =ROW()-3 -> 782 | C785: 46174 | D785: 0000775 | E785: =_xlfn.XLOOKUP(Table7[[#This Row],[Malın kodu]],Table4[Malın kodu],Table4[Malın adı],"Xəta",0) -> Mufta / elektrofuzion / d 40 mm / polietilen / "Borfit" / Türkiyə istehsalı | F785: 94 | H785: Əvvələ qalıq | I785: Əvvələ anbar qalığı
... B902: =ROW()-3 -> 899 | C902: 46174 | D902: 0000892 | E902: =_xlfn.XLOOKUP(Table7[[#This Row],[Malın kodu]],Table4[Malın kodu],Table4[Malın adı],"Xəta",0) -> Elektrik lövhəsi / 600 x 795 mm / avtomat və kontaktor ilə | F902: 1 | H902: Əvvələ qalıq | I902: Əvvələ anbar qalığı
B903: =ROW()-3 -> 900 | C903: 46174 | D903: 0000893 | E903: =_xlfn.XLOOKUP(Table7[[#This Row],[Malın kodu]],Table4[Malın kodu],Table4[Malın adı],"Xəta",0) -> Xəta | H903: Əvvələ qalıq | I903: Əvvələ anbar qalığı
B904: =ROW()-3 -> 901 | C904: 46174 | D904: 0000894 | E904: =_xlfn.XLOOKUP(Table7[[#This Row],[Malın kodu]],Table4[Malın kodu],Table4[Malın adı],"Xəta",0) -> Masa / 695x119mm / ağ | F904: 16 | H904: Əvvələ qalıq | I904: Əvvələ anbar qalığı
B905: =ROW()-3 -> 902 | C905: 46174 | D905: 0000895 | E905: =_xlfn.XLOOKUP(Table7[[#This Row],[Malın kodu]],Table4[Malın kodu],Table4[Malın adı],"Xəta",0) -> Oturacaq / ağ | F905: 63 | H905: Əvvələ qalıq | I905: Əvvələ anbar qalığı
B906: =ROW()-3 -> 903 | C906: 46174 | D906: 0000896 | E906: =_xlfn.XLOOKUP(Table7[[#This Row],[Malın kodu]],Table4[Malın kodu],Table4[Malın adı],"Xəta",0) -> Mətbəx çanağı (moyka) / paslanmayan metl / ikili | F906: 2 | H906: Əvvələ qalıq | I906: Əvvələ anbar qalığı
B907: =ROW()-3 -> 904 | C907: 46174 | D907: 0000897 | E907: =_xlfn.XLOOKUP(Table7[[#This Row],[Malın kodu]],Table4[Malın kodu],Table4[Malın adı],"Xəta",0) -> Ləğən (taz) / alüminium / 620mm / mətbəx üçün | F907: 2 | H907: Əvvələ qalıq | I907: Əvvələ anbar qalığı
B908: =ROW()-3 -> 905 | C908: 46174 | D908: 0000898 | E908: =_xlfn.XLOOKUP(Table7[[#This Row],[Malın kodu]],Table4[Malın kodu],Table4[Malın adı],"Xəta",0) -> Ətçəkən / elektrik | F908: 2 | H908: Əvvələ qalıq | I908: Əvvələ anbar qalığı
B909: =ROW()-3 -> 906 | C909: 46174 | D909: 0000899 | E909: =_xlfn.XLOOKUP(Table7[[#This Row],[Malın kodu]],Table4[Malın kodu],Table4[Malın adı],"Xəta",0) -> Ventilyator / dayaqlı | F909: 1 | H909: Əvvələ qalıq | I909: Əvvələ anbar qalığı
B910: =ROW()-3 -> 907 | C910: 46174 | D910: 0000900 | E910: =_xlfn.XLOOKUP(Table7[[#This Row],[Malın kodu]],Table4[Malın kodu],Table4[Malın adı],"Xəta",0) -> Qazan / alüminium / 495mm | F910: 2 | H910: Əvvələ qalıq | I910: Əvvələ anbar qalığı
B911: =ROW()-3 -> 908 | C911: 46174 | D911: 0000901 | E911: =_xlfn.XLOOKUP(Table7[[#This Row],[Malın kodu]],Table4[Malın kodu],Table4[Malın adı],"Xəta",0) -> Tava / 410mm / mətbəx üçün | F911: 1 | H911: Əvvələ qalıq | I911: Əvvələ anbar qalığı
B912: =ROW()-3 -> 909 | C912: 46174 | D912: 0000902 | E912: =_xlfn.XLOOKUP(Table7[[#This Row],[Malın kodu]],Table4[Malın kodu],Table4[Malın adı],"Xəta",0) -> Qazan / alüminium / 730mm | F912: 1 | H912: Əvvələ qalıq | I912: Əvvələ anbar qalığı
B913: =ROW()-3 -> 910 | C913: 46174 | D913: 0000903 | E913: =_xlfn.XLOOKUP(Table7[[#This Row],[Malın kodu]],Table4[Malın kodu],Table4[Malın adı],"Xəta",0) -> Ləğən (taz) / emallı / mətbəx üçün | F913: 1 | H913: Əvvələ qalıq | I913: Əvvələ anbar qalığı
B914: =ROW()-3 -> 911 | C914: 46174 | D914: 0000904 | E914: =_xlfn.XLOOKUP(Table7[[#This Row],[Malın kodu]],Table4[Malın kodu],Table4[Malın adı],"Xəta",0) -> Samovar / elektrik / mətbəx üçün | F914: 1 | H914: Əvvələ qalıq | I914: Əvvələ anbar qalığı
B915: =ROW()-3 -> 912 | C915: 46174 | D915: 0000905 | E915: =_xlfn.XLOOKUP(Table7[[#This Row],[Malın kodu]],Table4[Malın kodu],Table4[Malın adı],"Xəta",0) -> Soba / mikrodalğalı / "Quicks" | F915: 1 | H915: Əvvələ qalıq | I915: Əvvələ anbar qalığı
... B923: =ROW()-3 -> 920 | C923: 46174 | D923: 0000913 | E923: =_xlfn.XLOOKUP(Table7[[#This Row],[Malın kodu]],Table4[Malın kodu],Table4[Malın adı],"Xəta",0) -> Çaydan / alüminium / 4-5 litr | F923: 2 | H923: Əvvələ qalıq | I923: Əvvələ anbar qalığı
B924: =ROW()-3 -> 921 | C924: 46174 | D924: 0000914 | E924: =_xlfn.XLOOKUP(Table7[[#This Row],[Malın kodu]],Table4[Malın kodu],Table4[Malın adı],"Xəta",0) -> Xəta | H924: Əvvələ qalıq | I924: Əvvələ anbar qalığı
B925: =ROW()-3 -> 922 | C925: 46174 | D925: 0000915 | E925: =_xlfn.XLOOKUP(Table7[[#This Row],[Malın kodu]],Table4[Malın kodu],Table4[Malın adı],"Xəta",0) -> Döşək | F925: 3 | H925: Əvvələ qalıq | I925: Əvvələ anbar qalığı
B926: =ROW()-3 -> 923 | C926: 46174 | D926: 0000916 | E926: =_xlfn.XLOOKUP(Table7[[#This Row],[Malın kodu]],Table4[Malın kodu],Table4[Malın adı],"Xəta",0) -> Yataq / açilıb bağlanan / | F926: 5 | H926: Əvvələ qalıq | I926: Əvvələ anbar qalığı
B927: =ROW()-3 -> 924 | C927: 46174 | D927: 0000917 | E927: =_xlfn.XLOOKUP(Table7[[#This Row],[Malın kodu]],Table4[Malın kodu],Table4[Malın adı],"Xəta",0) -> Kreslo / parça | F927: 1 | H927: Əvvələ qalıq | I927: Əvvələ anbar qalığı
B928: =ROW()-3 -> 925 | C928: 46174 | D928: 0000918 | E928: =_xlfn.XLOOKUP(Table7[[#This Row],[Malın kodu]],Table4[Malın kodu],Table4[Malın adı],"Xəta",0) -> Paltaryuyan maşın / "Midea" | F928: 1 | H928: Əvvələ qalıq | I928: Əvvələ anbar qalığı
B929: =ROW()-3 -> 926 | C929: 46174 | D929: 0000919 | E929: =_xlfn.XLOOKUP(Table7[[#This Row],[Malın kodu]],Table4[Malın kodu],Table4[Malın adı],"Xəta",0) -> Yataq / metal karkas | F929: 6 | H929: Əvvələ qalıq | I929: Əvvələ anbar qalığı
B930: =ROW()-3 -> 927 | C930: 46174 | D930: 0000920 | E930: =_xlfn.XLOOKUP(Table7[[#This Row],[Malın kodu]],Table4[Malın kodu],Table4[Malın adı],"Xəta",0) -> Masa / 700x1400mm | F930: 2 | H930: Əvvələ qalıq | I930: Əvvələ anbar qalığı
B931: =ROW()-3 -> 928 | C931: 46174 | D931: 0000921 | E931: =_xlfn.XLOOKUP(Table7[[#This Row],[Malın kodu]],Table4[Malın kodu],Table4[Malın adı],"Xəta",0) -> Elektrik lövhəsi / 300x400mm | F931: 1 | H931: Əvvələ qalıq | I931: Əvvələ anbar qalığı
B932: =ROW()-3 -> 929 | C932: 46174 | D932: 0000922 | E932: =_xlfn.XLOOKUP(Table7[[#This Row],[Malın kodu]],Table4[Malın kodu],Table4[Malın adı],"Xəta",0) -> Masa / 700x1700mm / 3 siyirtməli | F932: 1 | H932: Əvvələ qalıq | I932: Əvvələ anbar qalığı
B933: =ROW()-3 -> 930 | C933: 46174 | D933: 0000923 | E933: =_xlfn.XLOOKUP(Table7[[#This Row],[Malın kodu]],Table4[Malın kodu],Table4[Malın adı],"Xəta",0) -> Oturacaq | F933: 1 | H933: Əvvələ qalıq | I933: Əvvələ anbar qalığı
B934: =ROW()-3 -> 931 | C934: 46174 | D934: 0000924 | E934: =_xlfn.XLOOKUP(Table7[[#This Row],[Malın kodu]],Table4[Malın kodu],Table4[Malın adı],"Xəta",0) -> Masa / 500x950 mm | F934: 1 | H934: Əvvələ qalıq | I934: Əvvələ anbar qalığı
B935: =ROW()-3 -> 932 | C935: 46174 | D935: 0000925 | E935: =_xlfn.XLOOKUP(Table7[[#This Row],[Malın kodu]],Table4[Malın kodu],Table4[Malın adı],"Xəta",0) -> Masa / 500x700 mm | F935: 1 | H935: Əvvələ qalıq | I935: Əvvələ anbar qalığı
B936: =ROW()-3 -> 933 | C936: 46174 | D936: 0000926 | E936: =_xlfn.XLOOKUP(Table7[[#This Row],[Malın kodu]],Table4[Malın kodu],Table4[Malın adı],"Xəta",0) -> Sənəd dolabı / 700x1320mm | F936: 1 | H936: Əvvələ qalıq | I936: Əvvələ anbar qalığı
... B942: =ROW()-3 -> 939 | C942: 46174 | D942: 0000932 | E942: =_xlfn.XLOOKUP(Table7[[#This Row],[Malın kodu]],Table4[Malın kodu],Table4[Malın adı],"Xəta",0) -> Kabel / 50x0.5 | F942: 167 | H942: Əvvələ qalıq | I942: Əvvələ anbar qalığı
B943: =ROW()-3 -> 940 | C943: 46174 | D943: 0000933 | E943: =_xlfn.XLOOKUP(Table7[[#This Row],[Malın kodu]],Table4[Malın kodu],Table4[Malın adı],"Xəta",0) -> Xəta | H943: Əvvələ qalıq | I943: Əvvələ anbar qalığı
B944: =ROW()-3 -> 941 | C944: 46174 | D944: 0000934 | E944: =_xlfn.XLOOKUP(Table7[[#This Row],[Malın kodu]],Table4[Malın kodu],Table4[Malın adı],"Xəta",0) -> Ətçəkən / elektrik / "Hausberg" | F944: 1 | H944: Əvvələ qalıq | I944: Əvvələ anbar qalığı
B945: =ROW()-3 -> 942 | C945: 46174 | D945: 0000935 | E945: =_xlfn.XLOOKUP(Table7[[#This Row],[Malın kodu]],Table4[Malın kodu],Table4[Malın adı],"Xəta",0) -> Soyuducu / 800x480mm / vertikal / 1 kameralı / "Arçelik" | F945: 1 | H945: Əvvələ qalıq | I945: Əvvələ anbar qalığı
B946: =ROW()-3 -> 943 | C946: 46174 | D946: 0000936 | E946: =_xlfn.XLOOKUP(Table7[[#This Row],[Malın kodu]],Table4[Malın kodu],Table4[Malın adı],"Xəta",0) -> Masa / metal / 3050x760mm | F946: 2 | H946: Əvvələ qalıq | I946: Əvvələ anbar qalığı
B947: =ROW()-3 -> 944 | C947: 46174 | D947: 0000937 | E947: =_xlfn.XLOOKUP(Table7[[#This Row],[Malın kodu]],Table4[Malın kodu],Table4[Malın adı],"Xəta",0) -> Masa / ofis / 1420x700mm | F947: 1 | H947: Əvvələ qalıq | I947: Əvvələ anbar qalığı
B948: =ROW()-3 -> 945 | C948: 46174 | D948: 0000938 | E948: =_xlfn.XLOOKUP(Table7[[#This Row],[Malın kodu]],Table4[Malın kodu],Table4[Malın adı],"Xəta",0) -> Dolab / sənəd / 500x910mm | F948: 1 | H948: Əvvələ qalıq | I948: Əvvələ anbar qalığı
B949: =ROW()-3 -> 946 | C949: 46174 | D949: 0000939 | E949: =_xlfn.XLOOKUP(Table7[[#This Row],[Malın kodu]],Table4[Malın kodu],Table4[Malın adı],"Xəta",0) -> Dispenser / su / "Orvica" | F949: 1 | H949: Əvvələ qalıq | I949: Əvvələ anbar qalığı
B950: =ROW()-3 -> 947 | C950: 46174 | D950: 0000940 | E950: =_xlfn.XLOOKUP(Table7[[#This Row],[Malın kodu]],Table4[Malın kodu],Table4[Malın adı],"Xəta",0) -> Soyuducu / horizontal / 630x1000mm | F950: 1 | H950: Əvvələ qalıq | I950: Əvvələ anbar qalığı
B951: =ROW()-3 -> 948 | C951: 46174 | D951: 0000941 | E951: =_xlfn.XLOOKUP(Table7[[#This Row],[Malın kodu]],Table4[Malın kodu],Table4[Malın adı],"Xəta",0) -> Masa / plastik / 790x1290mm | F951: 1 | H951: Əvvələ qalıq | I951: Əvvələ anbar qalığı
B952: =ROW()-3 -> 949 | C952: 46174 | D952: 0000942 | E952: =_xlfn.XLOOKUP(Table7[[#This Row],[Malın kodu]],Table4[Malın kodu],Table4[Malın adı],"Xəta",0) -> Yazı lövhəsi / 1000x1400mm | F952: 1 | H952: Əvvələ qalıq | I952: Əvvələ anbar qalığı
B953: =ROW()-3 -> 950 | C953: 46174 | D953: 0000943 | E953: =_xlfn.XLOOKUP(Table7[[#This Row],[Malın kodu]],Table4[Malın kodu],Table4[Malın adı],"Xəta",0) -> Oturacaq / plastik | F953: 6 | H953: Əvvələ qalıq | I953: Əvvələ anbar qalığı
B954: =ROW()-3 -> 951 | C954: 46174 | D954: 0000944 | E954: =_xlfn.XLOOKUP(Table7[[#This Row],[Malın kodu]],Table4[Malın kodu],Table4[Malın adı],"Xəta",0) -> Oturacaq / parça | F954: 2 | H954: Əvvələ qalıq | I954: Əvvələ anbar qalığı
B955: =ROW()-3 -> 952 | C955: 46174 | D955: 0000945 | E955: =_xlfn.XLOOKUP(Table7[[#This Row],[Malın kodu]],Table4[Malın kodu],Table4[Malın adı],"Xəta",0) -> Termos | F955: 1 | H955: Əvvələ qalıq | I955: Əvvələ anbar qalığı
... B976: =ROW()-3 -> 973 | C976: 46174 | D976: 0001075 | E976: =_xlfn.XLOOKUP(Table7[[#This Row],[Malın kodu]],Table4[Malın kodu],Table4[Malın adı],"Xəta",0) -> Planşet / taxeometr üçün | F976: 1 | H976: Əvvələ qalıq | I976: Əvvələ anbar qalığı
B977: =ROW()-3 -> 974 | C977: 46181 | D977: 0000341 | E977: =_xlfn.XLOOKUP(Table7[[#This Row],[Malın kodu]],Table4[Malın kodu],Table4[Malın adı],"Xəta",0) -> Akkumulyator / 12V / 77AH / 640A / "Tungstone" | G977: 1 | H977: Yerdəyişmə | I977: Xocahəsən anbar
B978: =ROW()-3 -> 975 | C978: 46183 | D978: 0000969 | E978: =_xlfn.XLOOKUP(Table7[[#This Row],[Malın kodu]],Table4[Malın kodu],Table4[Malın adı],"Xəta",0) -> Sayğac / Elektrik / 3*100A LUN23 /LUNA | F978: 1 | H978: Satınalma | I978: Nağd alış
...

Sheet Yasamal (Qanlı göl) (Anbar)
B3: № | C3: Tarix | D3: Malın kodu | E3: Malın adı | F3: Giriş miqdarı | G3: Çıxış miqdarı | H3: Növü | I3: Kontragentin / Layihənin adı
B4: =ROW()-3 -> 1 | E4: =_xlfn.XLOOKUP(Table_Yasamal[[#This Row],[Malın kodu]],Table4[Malın kodu],Table4[Malın adı],"Xəta",0) -> Xəta

Sheet Astara (Anbar)
B3: № | C3: Tarix | D3: Malın kodu | E3: Malın adı | F3: Giriş miqdarı | G3: Çıxış miqdarı | H3: Növü | I3: Kontragentin / Layihənin adı
B4: =ROW()-3 -> 1 | C4: 46148 | D4: 0000997 | E4: =_xlfn.XLOOKUP(Table79[[#This Row],[Malın kodu]],Filtrasiya!E:E,Filtrasiya!D:D,"xəta",0) -> Fırça / N143 (şotka pas qara) | F4: 3 | H4: Satınalma | I4: Kommersiya şirkəti
B5: =ROW()-3 -> 2 | C5: 46148 | D5: 0001038 | E5: =_xlfn.XLOOKUP(Table79[[#This Row],[Malın kodu]],Filtrasiya!E:E,Filtrasiya!D:D,"xəta",0) -> Bıçaq / oboy / N115 | F5: 2 | H5: Satınalma | I5: Kommersiya şirkəti
B6: =ROW()-3 -> 3 | C6: 46148 | D6: 0001046 | E6: =_xlfn.XLOOKUP(Table79[[#This Row],[Malın kodu]],Filtrasiya!E:E,Filtrasiya!D:D,"xəta",0) -> Kömür / laqonda üçün / "Conan" | F6: 1 | H6: Satınalma | I6: Kommersiya şirkəti
B7: =ROW()-3 -> 4 | C7: 46149 | D7: 0001054 | E7: =_xlfn.XLOOKUP(Table79[[#This Row],[Malın kodu]],Filtrasiya!E:E,Filtrasiya!D:D,"xəta",0) -> Potric uzatma prizi / 5x32A / 225 | F7: 20 | H7: Satınalma | I7: Kommersiya şirkəti
B8: =ROW()-3 -> 5 | C8: 46149 | D8: 0001055 | E8: =_xlfn.XLOOKUP(Table79[[#This Row],[Malın kodu]],Filtrasiya!E:E,Filtrasiya!D:D,"xəta",0) -> MİQRİK XCK-J108 POTRİC | F8: 4 | H8: Satınalma | I8: Kommersiya şirkəti
B9: =ROW()-3 -> 6 | C9: 46149 | D9: 0001056 | E9: =_xlfn.XLOOKUP(Table79[[#This Row],[Malın kodu]],Filtrasiya!E:E,Filtrasiya!D:D,"xəta",0) -> Kabel / 2x2.5 / NEXANS H07VV-F 0,6/1 KV | F9: 100 | H9: Satınalma | I9: Kommersiya şirkəti
B10: =ROW()-3 -> 7 | C10: 46149 | D10: 0001057 | E10: =_xlfn.XLOOKUP(Table79[[#This Row],[Malın kodu]],Filtrasiya!E:E,Filtrasiya!D:D,"xəta",0) -> Kabel / 2x4 / NEXANS H07VV-F 0,6/1 KV | F10: 100 | H10: Satınalma | I10: Kommersiya şirkəti
B11: =ROW()-3 -> 8 | C11: 46149 | D11: 0001058 | E11: =_xlfn.XLOOKUP(Table79[[#This Row],[Malın kodu]],Filtrasiya!E:E,Filtrasiya!D:D,"xəta",0) -> TAYRAP / 5x250 / QARA | F11: 10 | H11: Satınalma | I11: Kommersiya şirkəti
B12: =ROW()-3 -> 9 | C12: 46149 | D12: 0001059 | E12: =_xlfn.XLOOKUP(Table79[[#This Row],[Malın kodu]],Filtrasiya!E:E,Filtrasiya!D:D,"xəta",0) -> Ucluq / mis / DT95 | F12: 20 | H12: Satınalma | I12: Kommersiya şirkəti
B13: =ROW()-3 -> 10 | C13: 46149 | D13: 0001060 | E13: =_xlfn.XLOOKUP(Table79[[#This Row],[Malın kodu]],Filtrasiya!E:E,Filtrasiya!D:D,"xəta",0) -> Press 120 | F13: 1 | H13: Satınalma | I13: Kommersiya şirkəti
B14: =ROW()-3 -> 11 | C14: 46149 | D14: 0001061 | E14: =_xlfn.XLOOKUP(Table79[[#This Row],[Malın kodu]],Filtrasiya!E:E,Filtrasiya!D:D,"xəta",0) -> Projektor / led / 100 Vt / mini | F14: 10 | H14: Satınalma | I14: Kommersiya şirkəti
B15: =ROW()-3 -> 12 | C15: 46149 | D15: 0001062 | E15: =_xlfn.XLOOKUP(Table79[[#This Row],[Malın kodu]],Filtrasiya!E:E,Filtrasiya!D:D,"xəta",0) -> Potric / 5x32A / FİŞ 025 | F15: 20 | H15: Satınalma | I15: Kommersiya şirkəti
... B41: =ROW()-3 -> 38 | C41: 46216 | D41: 0000986 | E41: =_xlfn.XLOOKUP(Table79[[#This Row],[Malın kodu]],Filtrasiya!E:E,Filtrasiya!D:D,"xəta",0) -> Jilet / sarı-narıncı / briqadir üçün | F41: 1 | H41: Yerdəyişmə | I41: Ələt anbar
B42: =ROW()-3 -> 39 | C42: 46198 | D42: 0000610 | E42: =_xlfn.XLOOKUP(Table79[[#This Row],[Malın kodu]],Filtrasiya!E:E,Filtrasiya!D:D,"xəta",0) -> Generator / 7.5 kvt / benzin / 220-230V / "KEMAN" / Çin istehsalı | G42: 1 | H42: Yerdəyişmə | I42: Xocahəsən anbar
B43: =ROW()-3 -> 40 | C43: 46174 | D43: 0001229 | E43: =_xlfn.XLOOKUP(Table79[[#This Row],[Malın kodu]],Filtrasiya!E:E,Filtrasiya!D:D,"xəta",0) -> Generator / 205 kVA / "Genpower" | F43: 1 | I43: Əvvələ anbar qalığı
B44: =ROW()-3 -> 41 | C44: 46226 | D44: 0001230 | E44: =_xlfn.XLOOKUP(Table79[[#This Row],[Malın kodu]],Filtrasiya!E:E,Filtrasiya!D:D,"xəta",0) -> Karot ucu / perforator üçün / 40mm | F44: 1 | H44: Satınalma | I44: Nağd alış
B45: =ROW()-3 -> 42 | C45: 46226 | D45: 0001231 | E45: =_xlfn.XLOOKUP(Table79[[#This Row],[Malın kodu]],Filtrasiya!E:E,Filtrasiya!D:D,"xəta",0) -> Su pompası / d 76mm / 6.6 kVt / H 28metr / "Grindex" / 0940147 | F45: 1 | H45: Satınalma | I45: Nağd alış

Sheet Ofis (Anbar)
B3: № | C3: Tarix | D3: Malın kodu | E3: Malın adı | F3: Giriş miqdarı | G3: Çıxış miqdarı | H3: Növü | I3: Kontragentin / Layihənin adı
B4: =ROW()-3 -> 1 | E4: =_xlfn.XLOOKUP(Table_Ofis[[#This Row],[Malın kodu]],Filtrasiya!E:E,Filtrasiya!D:D,"xəta",0) -> 0

Sheet Xocahəsən (Anbar)
B3: № | C3: Tarix | D3: Malın kodu | E3: Malın adı | F3: Giriş miqdarı | G3: Çıxış miqdarı | H3: Növü | I3: Kontragentin / Layihənin adı
B4: =ROW()-3 -> 1 | C4: 46174 | D4: 0001016 | E4: =_xlfn.XLOOKUP(Table7912[[#This Row],[Malın kodu]],Filtrasiya!E:E,Filtrasiya!D:D,"xəta",0) -> Generator / dizel / 50 kvA / "Genpower" | F4: 1 | H4: Əvvələ qalıq | I4: Əvvələ anbar qalığı
B5: =ROW()-3 -> 2 | C5: 46179 | D5: 0000966 | E5: =_xlfn.XLOOKUP(Table7912[[#This Row],[Malın kodu]],Filtrasiya!E:E,Filtrasiya!D:D,"xəta",0) -> Mouse-Keyboard / wireless / "DELL" KM3322W | F5: 1 | H5: Satınalma | I5: Kommersiya şirkəti
B6: =ROW()-3 -> 3 | C6: 46179 | D6: 0000967 | E6: =_xlfn.XLOOKUP(Table7912[[#This Row],[Malın kodu]],Filtrasiya!E:E,Filtrasiya!D:D,"xəta",0) -> Notebook / 16GB / 512GB / SSD 6GB / "HP" VİCTUS 15-FA2082 WM i5-1342OH | F6: 1 | H6: Satınalma | I6: Kommersiya şirkəti
B7: =ROW()-3 -> 4 | C7: 46179 | D7: 0000968 | E7: =_xlfn.XLOOKUP(Table7912[[#This Row],[Malın kodu]],Filtrasiya!E:E,Filtrasiya!D:D,"xəta",0) -> Çanta / notebook üçün / "HP" Prelude 15.6" TOP LOAD | F7: 1 | H7: Satınalma | I7: Kommersiya şirkəti
B8: =ROW()-3 -> 5 | C8: 46181 | D8: 0000219 | E8: =_xlfn.XLOOKUP(Table7912[[#This Row],[Malın kodu]],Filtrasiya!E:E,Filtrasiya!D:D,"xəta",0) -> Burğu / 8 x 120 mm | F8: 1 | H8: Satınalma | I8: Kommersiya şirkəti
B9: =ROW()-3 -> 6 | C9: 46181 | D9: 0000341 | E9: =_xlfn.XLOOKUP(Table7912[[#This Row],[Malın kodu]],Filtrasiya!E:E,Filtrasiya!D:D,"xəta",0) -> Akkumulyator / 12V / 77AH / 640A / "Tungstone" | F9: 1 | H9: Yerdəyişmə | I9: Ələt anbar
B10: =ROW()-3 -> 7 | C10: 46181 | D10: 0000993 | E10: =_xlfn.XLOOKUP(Table7912[[#This Row],[Malın kodu]],Filtrasiya!E:E,Filtrasiya!D:D,"xəta",0) -> Valik / 20-lik "Defne" | F10: 5 | H10: Satınalma | I10: Kommersiya şirkəti
B11: =ROW()-3 -> 8 | C11: 46181 | D11: 0000995 | E11: =_xlfn.XLOOKUP(Table7912[[#This Row],[Malın kodu]],Filtrasiya!E:E,Filtrasiya!D:D,"xəta",0) -> Qaynaq çubuğu (elektrod) / 3 / "Azkaynak" | F11: 2 | H11: Satınalma | I11: Kommersiya şirkəti
B12: =ROW()-3 -> 9 | C12: 46181 | D12: 0000996 | E12: =_xlfn.XLOOKUP(Table7912[[#This Row],[Malın kodu]],Filtrasiya!E:E,Filtrasiya!D:D,"xəta",0) -> Əlcək / sarı | F12: 50 | H12: Satınalma | I12: Kommersiya şirkəti
B13: =ROW()-3 -> 10 | C13: 46181 | D13: 0001033 | E13: =_xlfn.XLOOKUP(Table7912[[#This Row],[Malın kodu]],Filtrasiya!E:E,Filtrasiya!D:D,"xəta",0) -> Metrə / 5m | F13: 3 | H13: Satınalma | I13: Kommersiya şirkəti
B14: =ROW()-3 -> 11 | C14: 46181 | D14: 0001090 | E14: =_xlfn.XLOOKUP(Table7912[[#This Row],[Malın kodu]],Filtrasiya!E:E,Filtrasiya!D:D,"xəta",0) -> Metrə / 3m | F14: 2 | H14: Satınalma | I14: Kommersiya şirkəti
B15: =ROW()-3 -> 12 | C15: 46181 | D15: 0001131 | E15: =_xlfn.XLOOKUP(Table7912[[#This Row],[Malın kodu]],Filtrasiya!E:E,Filtrasiya!D:D,"xəta",0) -> Bel sapı | F15: 10 | H15: Satınalma | I15: Kommersiya şirkəti
... B154: =ROW()-3 -> 151 | C154: 46203 | D154: 0001076 | E154: =_xlfn.XLOOKUP(Table7912[[#This Row],[Malın kodu]],Filtrasiya!E:E,Filtrasiya!D:D,"xəta",0) -> Metal lövhə / 20 mm / 1500x6000 / Cт3сп | F154: 5 | H154: Satınalma | I154: Kommersiya şirkəti
B155: =ROW()-3 -> 152 | C155: 46203 | D155: 0001076 | E155: =_xlfn.XLOOKUP(Table7912[[#This Row],[Malın kodu]],Filtrasiya!E:E,Filtrasiya!D:D,"xəta",0) -> Metal lövhə / 20 mm / 1500x6000 / Cт3сп | G155: 5 | H155: Silinmə | I155: Sahə üzrə məsul şəxs
B156: =ROW()-3 -> 153 | C156: 46203 | D156: 0001084 | E156: =_xlfn.XLOOKUP(Table7912[[#This Row],[Malın kodu]],Filtrasiya!E:E,Filtrasiya!D:D,"xəta",0) -> Bitum / Azmas | F156: 2 | H156: Satınalma | I156: Nağd alış
B157: =ROW()-3 -> 154 | C157: 46203 | D157: 0001085 | E157: =_xlfn.XLOOKUP(Table7912[[#This Row],[Malın kodu]],Filtrasiya!E:E,Filtrasiya!D:D,"xəta",0) -> Stepler / 14 | F157: 1 | H157: Satınalma | I157: Nağd alış
B158: =ROW()-3 -> 155 | C158: 46203 | D158: 0001086 | E158: =_xlfn.XLOOKUP(Table7912[[#This Row],[Malın kodu]],Filtrasiya!E:E,Filtrasiya!D:D,"xəta",0) -> Stepler simi / 14 | F158: 1 | H158: Satınalma | I158: Nağd alış
B159: =ROW()-3 -> 156 | C159: 46203 | D159: 0001087 | E159: =_xlfn.XLOOKUP(Table7912[[#This Row],[Malın kodu]],Filtrasiya!E:E,Filtrasiya!D:D,"xəta",0) -> Silikon | F159: 1 | H159: Satınalma | I159: Nağd alış
B160: =ROW()-3 -> 157 | C160: 46203 | D160: 0001088 | E160: =_xlfn.XLOOKUP(Table7912[[#This Row],[Malın kodu]],Filtrasiya!E:E,Filtrasiya!D:D,"xəta",0) -> Silikon tapancası | F160: 1 | H160: Satınalma | I160: Nağd alış
B161: =ROW()-3 -> 158 | C161: 46203 | D161: 0001089 | E161: =_xlfn.XLOOKUP(Table7912[[#This Row],[Malın kodu]],Filtrasiya!E:E,Filtrasiya!D:D,"xəta",0) -> Yapışdırıcı / kontakt | F161: 1 | H161: Satınalma | I161: Nağd alış
B162: =ROW()-3 -> 159 | C162: 46203 | D162: 0001090 | E162: =_xlfn.XLOOKUP(Table7912[[#This Row],[Malın kodu]],Filtrasiya!E:E,Filtrasiya!D:D,"xəta",0) -> Metrə / 3m | F162: 1 | H162: Satınalma | I162: Nağd alış
B163: =ROW()-3 -> 160 | C163: 46203 | D163: 0001091 | E163: =_xlfn.XLOOKUP(Table7912[[#This Row],[Malın kodu]],Filtrasiya!E:E,Filtrasiya!D:D,"xəta",0) -> Təbaşir | F163: 1 | H163: Satınalma | I163: Nağd alış
B164: =ROW()-3 -> 161 | C164: 46209 | D164: 0001084 | E164: =_xlfn.XLOOKUP(Table7912[[#This Row],[Malın kodu]],Filtrasiya!E:E,Filtrasiya!D:D,"xəta",0) -> Bitum / Azmas | F164: 1 | H164: Satınalma | I164: Nağd alış
B165: =ROW()-3 -> 162 | C165: 46210 | D165: 0001142 | E165: =_xlfn.XLOOKUP(Table7912[[#This Row],[Malın kodu]],Filtrasiya!E:E,Filtrasiya!D:D,"xəta",0) -> Sututucu bant / AK 20/2 | F165: 80 | H165: Satınalma | I165: Kommersiya şirkəti
B166: =ROW()-3 -> 163 | C166: 46211 | D166: 0000993 | E166: =_xlfn.XLOOKUP(Table7912[[#This Row],[Malın kodu]],Filtrasiya!E:E,Filtrasiya!D:D,"xəta",0) -> Valik / 20-lik "Defne" | F166: 5 | H166: Satınalma | I166: Kommersiya şirkəti
B167: =ROW()-3 -> 164 | C167: 46211 | D167: 0000995 | E167: =_xlfn.XLOOKUP(Table7912[[#This Row],[Malın kodu]],Filtrasiya!E:E,Filtrasiya!D:D,"xəta",0) -> Qaynaq çubuğu (elektrod) / 3 / "Azkaynak" | F167: 4 | H167: Satınalma | I167: Kommersiya şirkəti
... B259: =ROW()-3 -> 256 | C259: 46198 | D259: 0000610 | E259: =_xlfn.XLOOKUP(Table7912[[#This Row],[Malın kodu]],Filtrasiya!E:E,Filtrasiya!D:D,"xəta",0) -> Generator / 7.5 kvt / benzin / 220-230V / "KEMAN" / Çin istehsalı | F259: 1 | H259: Yerdəyişmə | I259: Astara

Sheet Nomenklatura bazası
B2: № | C2: Malın adı | D2: Malın kodu | E2: Təkrarlanma
B3: =ROW()-2 -> 1 | C3: Filtr/ yağ/ ZP3375 MG/ "FİL"/Türkiyə istehsalı | D3: =TEXT(ROW()-2,"0000000") -> 0000001 | E3: =COUNTIF(Table1[Malın adı],Table1[[#This Row],[Malın adı]]) -> 1
B4: =ROW()-2 -> 2 | C4: Filtr/ yağ/ ZP520/ "FİL"/Türkiyə istehsalı | D4: =TEXT(ROW()-2,"0000000") -> 0000002 | E4: =COUNTIF(Table1[Malın adı],Table1[[#This Row],[Malın adı]]) -> 1
B5: =ROW()-2 -> 3 | C5: Kabel qoruyucu gövdə / alüminium / kontaktor üçün | D5: =TEXT(ROW()-2,"0000000") -> 0000003 | E5: =COUNTIF(Table1[Malın adı],Table1[[#This Row],[Malın adı]]) -> 1
B6: =ROW()-2 -> 4 | C6: Gərginlik sabitləşdiricisi / 1 faza / "ANDELİ" / SVC-200000VA | D6: =TEXT(ROW()-2,"0000000") -> 0000004 | E6: =COUNTIF(Table1[Malın adı],Table1[[#This Row],[Malın adı]]) -> 1
B7: =ROW()-2 -> 5 | C7: Elektrik lövhə / 550x800mm / metal | D7: =TEXT(ROW()-2,"0000000") -> 0000005 | E7: =COUNTIF(Table1[Malın adı],Table1[[#This Row],[Malın adı]]) -> 1
B8: =ROW()-2 -> 6 | C8: Kabel qoruyucu gövdə / alüminium / kontaktor ilə | D8: =TEXT(ROW()-2,"0000000") -> 0000006 | E8: =COUNTIF(Table1[Malın adı],Table1[[#This Row],[Malın adı]]) -> 1
B9: =ROW()-2 -> 7 | C9: Filtr/ yağ/ ZP540 A/ "FİL"/Türkiyə istehsalı | D9: =TEXT(ROW()-2,"0000000") -> 0000007 | E9: =COUNTIF(Table1[Malın adı],Table1[[#This Row],[Malın adı]]) -> 1
B10: =ROW()-2 -> 8 | C10: Laboratoriya sınaq qabları / podnos tipli / paslanmaz metal | D10: =TEXT(ROW()-2,"0000000") -> 0000008 | E10: =COUNTIF(Table1[Malın adı],Table1[[#This Row],[Malın adı]]) -> 1
B11: =ROW()-2 -> 9 | C11: Laboratoriya sınaq qabları / kolba / plastik | D11: =TEXT(ROW()-2,"0000000") -> 0000009 | E11: =COUNTIF(Table1[Malın adı],Table1[[#This Row],[Malın adı]]) -> 1
B12: =ROW()-2 -> 10 | C12: Filtr/ yanacaq/ PL 270 / "SCT" / Turbomax | D12: =TEXT(ROW()-2,"0000000") -> 0000010 | E12: =COUNTIF(Table1[Malın adı],Table1[[#This Row],[Malın adı]]) -> 1
B13: =ROW()-2 -> 11 | C13: Filtr/ yanacaq/ ZP3043 FMB/ "FİL"/Türkiyə istehsalı | D13: =TEXT(ROW()-2,"0000000") -> 0000011 | E13: =COUNTIF(Table1[Malın adı],Table1[[#This Row],[Malın adı]]) -> 1
B14: =ROW()-2 -> 12 | C14: Filtr/ yağ/ ZP531/ "FİL"/Türkiyə istehsalı | D14: =TEXT(ROW()-2,"0000000") -> 0000012 | E14: =COUNTIF(Table1[Malın adı],Table1[[#This Row],[Malın adı]]) -> 1
... B1233: =ROW()-2 -> 1231 | C1233: Su pompası / d 76mm / 6.6 kVt / H 28metr / "Grindex" / 0940147 | D1233: =TEXT(ROW()-2,"0000000") -> 0001231 | E1233: =COUNTIF(Table1[Malın adı],Table1[[#This Row],[Malın adı]]) -> 1

Sheet Kontragent bazası
B2: № | C2: VÖEN | D2: Kontragentin adı | E2: Qaimə nömrəsi | F2: Müqavilə nömrəsi | G2: Müqavilə tarixi
B3: =ROW()-2 -> 1 | D3: "Ağa İnşat"
B4: =ROW()-2 -> 2 | C4: 1803674831 | D4: "Amper Elektrik" | F4: №198AMP/2026. | G4: 29.04.2026
B5: =ROW()-2 -> 3 | C5: 1803106631 | D5: "Eldost İnşaat" | F5: №72/2026 | G5: 17.06.2026
B6: =ROW()-2 -> 4 | D6: "Əli inşaat"
B7: =ROW()-2 -> 5 | C7: 1700767721 | D7: "HEMAT TRADE" MMC | F7: № 26-052 | G7: 46147
B8: =ROW()-2 -> 6 | C8: 6000261802 | D8: "Həmidov Kamran" | F8: №M08077/26 | G8: 08.06.2026
B9: =ROW()-2 -> 7 | D9: "İronavto"
B10: =ROW()-2 -> 8 | D10: "MAGNA"
B11: =ROW()-2 -> 9 | C11: 2101064132 | D11: "Məhərrəmov Calal" | F11: TSN/XH/SA/07-26/006 | G11: 20.07.2026
B12: =ROW()-2 -> 10 | C12: 1404208661 | D12: "Neq MMC" | F12: № 24-060 | G12: 45611
B13: =ROW()-2 -> 11 | C13: 1504919047 | D13: "OMİD" | G13: 17.06.2026
B14: =ROW()-2 -> 12 | C14: 3333333333 | D14: "Oyal" MMC | F14: OY-215/37 | G14: 46178
B15: =ROW()-2 -> 13 | C15: 1506423331 | D15: "PROCOMP" MMC | F15: №050626-1 | G15: 46178
B16: =ROW()-2 -> 14 | C16: 2222222222 | D16: "Sabiroğlu" MMC | F16: LG-150/26 | G16: 46177
B17: =ROW()-2 -> 15 | D17: "Sontech Groupe"
B18: =ROW()-2 -> 16 | C18: 1101146872 | D18: "Taleh" | F18: №06/2026 | G18: 18.06.2026
B19: =ROW()-2 -> 17 | C19: 2000250161 | D19: "TURQUOİSE" MMC | F19: №21 | G19: 2026
B20: =ROW()-2 -> 18 | C20: 1111111111 | D20: Anbar qalığı | G20: 46174
B21: =ROW()-2 -> 19 | D21: Bazar
B22: =ROW()-2 -> 20 | D22: "Almet-Stp" MMC

Sheet Layihə anbarlarının siyahısı
B2: № | C2: Anbar / Şirkət
B3: =ROW()-2 -> 1 | C3: Ələt anbar
B4: =ROW()-2 -> 2 | C4: Xocahəsən anbar
B5: =ROW()-2 -> 3 | C5: Astara anbar
B6: =ROW()-2 -> 4 | C6: Kommersiya şirkəti
B7: =ROW()-2 -> 5 | C7: Sahə üzrə məsul şəxs
B8: =ROW()-2 -> 6 | C8: Nağd alış
B9: =ROW()-2 -> 7 | C9: Əvvələ anbar qalığı
